PK_ID_ALUNO,FK_ID_TURMA,NOME_ALUNO,SOBRENOME_ALUNO,CPF,DATA_NASCIMENTO,GÊNERO,ENDEREÇO,CIDADE,ESTADO,NÚMERO,LOGIN_PORTAL,EMAIL,FK_ID_MEIO_DE_PAGAMENTO,,,,,,,,,,,,,,,,,,,,,,,,,,,,,,,
1,20,STEPHANIE,FERNANDES,76858498312,'23/06/1998',F,RUA 23 ED. ARAUCARIAS BL. C APTO 202,BRASILIA,DF,(21) 9 9151-5781,STEPHANIE.FERNANDES,STEPHANIE.FERNANDES@GMAIL.COM,1,,(,1,",",20,",",'STEPHANIE',",",'FERNANDES',",",'76858498312',",",'23/06/1998',",",'F',,'RUA 23 ED. ARAUCARIAS BL. C APTO 202',",",'BRASILIA',",",'DF',",",'(21) 9 9151-5781',",",'STEPHANIE.FERNANDES',",",'STEPHANIE.FERNANDES@GMAIL.COM',",",1,),","
2,20,MATHEUS,BARBOSA,85963214856,'24/06/1998',M,AV. PAU-BRASIL ED. PAU-BRASIL BL. A APTO 1808,RIO DE JANEIRO,RJ,(21) 9 7564-3856,MATHEUS.BARBOSA,MATHEUS.BARBOSA@GMAIL.COM,3,,(,2,",",20,",",'MATHEUS',",",'BARBOSA',",",'85963214856',",",'24/06/1998',",",'M',",",'AV. PAU-BRASIL ED. PAU-BRASIL BL. A APTO 1808',",",'RIO DE JANEIRO',",",'RJ',",",'(21) 9 7564-3856',",",'MATHEUS.BARBOSA',",",'MATHEUS.BARBOSA@GMAIL.COM',",",3,),","
3,20,PATRICK,ELEOTERIO,78945612332,'25/06/1998',M,AVENIDA BRASIL RUA BRASIL LOTE 3 CASA 3,SÃO PAULO,SP,(12) 9 6119-5882,PATRICK.ELEOTERIO,PATRICK.ELEOTERIO@GMAIL.COM,1,,(,3,",",20,",",'PATRICK',",",'ELEOTERIO',",",'78945612332',",",'25/06/1998',",",'M',",",'AVENIDA BRASIL RUA BRASIL LOTE 3 CASA 3',",",'SÃO PAULO',",",'SP',",",'(12) 9 6119-5882',",",'PATRICK.ELEOTERIO',",",'PATRICK.ELEOTERIO@GMAIL.COM',",",1,),","
4,20,ELIZANGELA,CAMARGO,96385274132,'26/06/1998',F,RUA PARACATU EDIFICIO PARQUE IMPERIAL BL. A APTO 101,FORTALEZA,CE,(21) 9 6711-8282,ELIZANGELA.CAMARGO,ELIZANGELA.CAMARGO@GMAIL.COM,1,,(,4,",",20,",",'ELIZANGELA',",",'CAMARGO',",",'96385274132',",",'26/06/1998',",",'F',",",'RUA PARACATU EDIFICIO PARQUE IMPERIAL BL. A APTO 101',",",'FORTALEZA',",",'CE',",",'(21) 9 6711-8282',",",'ELIZANGELA.CAMARGO',",",'ELIZANGELA.CAMARGO@GMAIL.COM',",",1,),","
5,20,CAROL,CANDEIAS,15415963257,'27/06/1998',F,SQN 210 BL.F APTO 605,PORTO ALEGRE,RS,(17) 9 8357-7489,CAROL.CANDEIAS,CAROL.CANDEIAS@GMAIL.COM,1,,(,5,",",20,",",'CAROL',",",'CANDEIAS',",",'15415963257',",",'27/06/1998',",",'F',",",'SQN 210 BL.F APTO 605',",",'PORTO ALEGRE',",",'RS',",",'(17) 9 8357-7489',",",'CAROL.CANDEIAS',",",'CAROL.CANDEIAS@GMAIL.COM',",",1,),","
6,1,ANA,SILVA,25415963257,'28/06/1998',T,SQN 306 BL.C APTO 606,CURITIBA,PR,(21) 9 9171-3557,ANA.SILVA,ANA.SILVA@GMAIL.COM,3,,(,6,",",1,",",'ANA',",",'SILVA',",",'25415963257',",",'28/06/1998',",",'T',",",'SQN 306 BL.C APTO 606',",",'CURITIBA',",",'PR',",",'(21) 9 9171-3557',",",'ANA.SILVA',",",'ANA.SILVA@GMAIL.COM',",",3,),","
7,9,CARLA,FERNANDES,35415963257,'29/06/1998',NB,SQN 115 BL.A APTO 302,CAMPINAS,SP,(49) 9 6015-1884,CARLA.FERNANDES,CARLA.FERNANDES@GMAIL.COM,1,,(,7,",",9,",",'CARLA',",",'FERNANDES',",",'35415963257',",",'29/06/1998',",",'NB',",",'SQN 115 BL.A APTO 302',",",'CAMPINAS',",",'SP',",",'(49) 9 6015-1884',",",'CARLA.FERNANDES',",",'CARLA.FERNANDES@GMAIL.COM',",",1,),","
8,11,FERNANDO,OLIVEIRA,85415963256,'30/06/1998',M,SQN 109 BL.C APTO 303,NATAL,RN,(24) 9 6643-2866,FERNANDO.OLIVEIRA,FERNANDO.OLIVEIRA@GMAIL.COM,3,,(,8,",",11,",",'FERNANDO',",",'OLIVEIRA',",",'85415963256',",",'30/06/1998',",",'M',",",'SQN 109 BL.C APTO 303',",",'NATAL',",",'RN',",",'(24) 9 6643-2866',",",'FERNANDO.OLIVEIRA',",",'FERNANDO.OLIVEIRA@GMAIL.COM',",",3,),","
9,12,NICOLAS,DA SILVA,8541563257,'01/07/1998',M,AV. CARLOS MAIA ED. MARESIA BL. A APTO 501,RIO BRANCO,AC,(69) 9 8979-6473,NICOLAS.DA.SILVA,NICOLAS.DA.SILVA@GMAIL.COM,3,,(,9,",",12,",",'NICOLAS',",",'DA SILVA',",",'8541563257',",",'01/07/1998',",",'M',",",'AV. CARLOS MAIA ED. MARESIA BL. A APTO 501',",",'RIO BRANCO',",",'AC',",",'(69) 9 8979-6473',",",'NICOLAS.DA.SILVA',",",'NICOLAS.DA.SILVA@GMAIL.COM',",",3,),","
10,14,NICOLE,MONROE,85315963257,'02/07/1998',F,"RUA ÂNGELO ROMANO, 186",MANAUS,AM,(95) 9 8549-5620,NICOLE.MONROE,NICOLE.MONROE@GMAIL.COM,1,,(,10,",",14,",",'NICOLE',",",'MONROE',",",'85315963257',",",'02/07/1998',",",'F',",","'RUA ÂNGELO ROMANO, 186'",",",'MANAUS',",",'AM',",",'(95) 9 8549-5620',",",'NICOLE.MONROE',",",'NICOLE.MONROE@GMAIL.COM',",",1,),","
11,15,LUCAS,BATISTA FERNANDES,85423963257,'03/07/1998',M," RUA ITU, 1.120",GOIÂNIA,GO,(75) 9 6635-6823,LUCAS.BATISTA.FERNANDES,LUCAS.BATISTA.FERNANDES@GMAIL.COM,2,,(,11,",",15,",",'LUCAS',",",'BATISTA FERNANDES',",",'85423963257',",",'03/07/1998',",",'M',",","' RUA ITU, 1.120'",",",'GOIÂNIA',",",'GO',",",'(75) 9 6635-6823',",",'LUCAS.BATISTA.FERNANDES',",",'LUCAS.BATISTA.FERNANDES@GMAIL.COM',",",2,),","
12,15,LUCAS,LINHARES ,85423563257,'04/07/1998',NB,"RUA PEDRO COLINO, Nº 271",ARACAJU,SE,(54) 9 7578-3076,LUCAS.LINHARES,LUCAS.LINHARES@GMAIL.COM,3,,(,12,",",15,",",'LUCAS',",",'LINHARES ',",",'85423563257',",",'04/07/1998',",",'NB',",","'RUA PEDRO COLINO, Nº 271'",",",'ARACAJU',",",'SE',",",'(54) 9 7578-3076',",",'LUCAS.LINHARES',",",'LUCAS.LINHARES@GMAIL.COM',",",3,),","
13,3,PEDRO,FERREIRA,85415967777,'05/07/1998',M,RUA CRUZ E SOUZA,MACEIÓ,AL,(66) 9 9425-2919,PEDRO.FERREIRA,PEDRO.FERREIRA@GMAIL.COM,3,,(,13,",",3,",",'PEDRO',",",'FERREIRA',",",'85415967777',",",'05/07/1998',",",'M',",",'RUA CRUZ E SOUZA',",",'MACEIÓ',",",'AL',",",'(66) 9 9425-2919',",",'PEDRO.FERREIRA',",",'PEDRO.FERREIRA@GMAIL.COM',",",3,),","
14,2,JOÃO,SOUZA,85434223257,'06/07/1998',F,"RUA ROBERTO MICHELLIN, 95",SOROCABA,SP,(63) 9 7346-9294,JOÃO.SOUZA,JOÃO.SOUZA@GMAIL.COM,2,,(,14,",",2,",",'JOÃO',",",'SOUZA',",",'85434223257',",",'06/07/1998',",",'F',",","'RUA ROBERTO MICHELLIN, 95'",",",'SOROCABA',",",'SP',",",'(63) 9 7346-9294',",",'JOÃO.SOUZA',",",'JOÃO.SOUZA@GMAIL.COM',",",2,),","
15,3,FERNANDA,DE SOUZA,65415963257,'07/07/1998',NB,RUA GENOVEVA ONOFRE BARBAN,SÃO GONÇALO,RJ,(31) 9 6151-9154,FERNANDA.DE.SOUZA,FERNANDA.DE.SOUZA@GMAIL.COM,3,,(,15,",",3,",",'FERNANDA',",",'DE SOUZA',",",'65415963257',",",'07/07/1998',",",'NB',",",'RUA GENOVEVA ONOFRE BARBAN',",",'SÃO GONÇALO',",",'RJ',",",'(31) 9 6151-9154',",",'FERNANDA.DE.SOUZA',",",'FERNANDA.DE.SOUZA@GMAIL.COM',",",3,),","
16,2,PEDRO HENRIQUE,NEVES,85415456757,'08/07/1998',M,"AV. CAVALHEIRO PASCHOAL INNECCHI, 500",RECIFE,PE,(11) 9 8272-2759,PEDRO HENRIQUE.NEVES,PEDRO HENRIQUE.NEVES@GMAIL.COM,3,,(,16,",",2,",",'PEDRO HENRIQUE',",",'NEVES',",",'85415456757',",",'08/07/1998',",",'M',",","'AV. CAVALHEIRO PASCHOAL INNECCHI, 500'",",",'RECIFE',",",'PE',",",'(11) 9 8272-2759',",",'PEDRO HENRIQUE.NEVES',",",'PEDRO HENRIQUE.NEVES@GMAIL.COM',",",3,),","
17,5,CARLOS,LIMA,85415963468,'09/07/1998',M,ESTRADA PARA REPRESA DE GERICINÓ,PORTO ALEGRE,RS,(48) 9 8777-4105,CARLOS.LIMA,CARLOS.LIMA@GMAIL.COM,1,,(,17,",",5,",",'CARLOS',",",'LIMA',",",'85415963468',",",'09/07/1998',",",'M',",",'ESTRADA PARA REPRESA DE GERICINÓ',",",'PORTO ALEGRE',",",'RS',",",'(48) 9 8777-4105',",",'CARLOS.LIMA',",",'CARLOS.LIMA@GMAIL.COM',",",1,),","
18,6,ANANDA,DE LIMA,12345963257,'10/07/1998',F,VICINAL DA RJ-116 PARA SÃO MARTINHO,PORTO VELHO,RR,(86) 9 6834-2354,ANANDA.DE LIMA,ANANDA.DE LIMA@GMAIL.COM,2,,(,18,",",6,",",'ANANDA',",",'DE LIMA',",",'12345963257',",",'10/07/1998',",",'F',",",'VICINAL DA RJ-116 PARA SÃO MARTINHO',",",'PORTO VELHO',",",'RR',",",'(86) 9 6834-2354',",",'ANANDA.DE LIMA',",",'ANANDA.DE LIMA@GMAIL.COM',",",2,),","
19,6,HEITOR,SANTOS,58159632572,'11/07/1998',M,"RUA SETE DE SETEMBRO, 155",JOÃO PESSOA,PB,(87) 9 9843-5140,HEITOR.SANTOS,HEITOR.SANTOS@GMAIL.COM,3,,(,19,",",6,",",'HEITOR',",",'SANTOS',",",'58159632572',",",'11/07/1998',",",'M',",","'RUA SETE DE SETEMBRO, 155'",",",'JOÃO PESSOA',",",'PB',",",'(87) 9 9843-5140',",",'HEITOR.SANTOS',",",'HEITOR.SANTOS@GMAIL.COM',",",3,),","
20,7,ANDREA,DOS SANTOS,85415964983,'12/07/1998',F,"TRAVESSA PADRE MENDONÇA, 14 FNS",BRASILIA,DF,(12) 9 9843-5140,ANDREA.DOS.SANTOS,ANDREA.DOS.SANTOS@GMAIL.COM,3,,(,20,",",7,",",'ANDREA',",",'DOS SANTOS',",",'85415964983',",",'12/07/1998',",",'F',",","'TRAVESSA PADRE MENDONÇA, 14 FNS'",",",'BRASILIA',",",'DF',",",'(12) 9 9843-5140',",",'ANDREA.DOS.SANTOS',",",'ANDREA.DOS.SANTOS@GMAIL.COM',",",3,),","
21,8,KANANDA,ALMEIDA,85415963126,'13/07/1998',F,"RUA GONÇALVES DIAS, SEM NÚMERO",RIO DE JANEIRO,RJ,(62) 9 6685-6009,KANANDA.ALMEIDA,KANANDA.ALMEIDA@GMAIL.COM,3,,(,21,",",8,",",'KANANDA',",",'ALMEIDA',",",'85415963126',",",'13/07/1998',",",'F',",","'RUA GONÇALVES DIAS, SEM NÚMERO'",",",'RIO DE JANEIRO',",",'RJ',",",'(62) 9 6685-6009',",",'KANANDA.ALMEIDA',",",'KANANDA.ALMEIDA@GMAIL.COM',",",3,),","
22,9,LUIZA,ARAUJO,85415969637,'14/07/1998',F,"ESTRADA MUNICIPAL MSS-352, KM 2",RIO DE JANEIRO,RJ,(62) 9 8505-8506,LUIZA.ARAUJO,LUIZA.ARAUJO@GMAIL.COM,1,,(,22,",",9,",",'LUIZA',",",'ARAUJO',",",'85415969637',",",'14/07/1998',",",'F',",","'ESTRADA MUNICIPAL MSS-352, KM 2'",",",'RIO DE JANEIRO',",",'RJ',",",'(62) 9 8505-8506',",",'LUIZA.ARAUJO',",",'LUIZA.ARAUJO@GMAIL.COM',",",1,),","
23,10,LUISA,BARROS,85876963257,'15/07/1998',F,"AVENIDA CAPITÃO MANOEL RUDGE, 777 FUNDOS",RIO DE JANEIRO,RJ,(31) 9 7978-8978,LUISA.BARROS,LUISA.BARROS@GMAIL.COM,3,,(,23,",",10,",",'LUISA',",",'BARROS',",",'85876963257',",",'15/07/1998',",",'F',",","'AVENIDA CAPITÃO MANOEL RUDGE, 777 FUNDOS'",",",'RIO DE JANEIRO',",",'RJ',",",'(31) 9 7978-8978',",",'LUISA.BARROS',",",'LUISA.BARROS@GMAIL.COM',",",3,),","
24,11,PAULO,ALMEIDA,85415963212,'16/07/1998',M,"ALAMEDA BOA VISTA, 182 A",FLORIANÓPOLIS,SC,(61) 9 7254-5463,PAULO.ALMEIDA,PAULO.ALMEIDA@GMAIL.COM,3,,(,24,",",11,",",'PAULO',",",'ALMEIDA',",",'85415963212',",",'16/07/1998',",",'M',",","'ALAMEDA BOA VISTA, 182 A'",",",'FLORIANÓPOLIS',",",'SC',",",'(61) 9 7254-5463',",",'PAULO.ALMEIDA',",",'PAULO.ALMEIDA@GMAIL.COM',",",3,),","
25,13,PAULA,PINTO,85476533257,'17/07/1998',F,"RUA MARQUES DO VALE, 153",SÃO PAULO,SP,(87) 9 8845-6824,PAULA.PINTO,PAULA.PINTO@GMAIL.COM,1,,(,25,",",13,",",'PAULA',",",'PINTO',",",'85476533257',",",'17/07/1998',",",'F',",","'RUA MARQUES DO VALE, 153'",",",'SÃO PAULO',",",'SP',",",'(87) 9 8845-6824',",",'PAULA.PINTO',",",'PAULA.PINTO@GMAIL.COM',",",1,),","
26,14,RAVI,GONCALVES,85415961324,'18/07/1998',M,"RUA CARLOS VASSALO, 370",BELO HORIZONTE,MG,(28) 9 9419-1895,RAVI.GONCALVES,RAVI.GONCALVES@GMAIL.COM,3,,(,26,",",14,",",'RAVI',",",'GONCALVES',",",'85415961324',",",'18/07/1998',",",'M',",","'RUA CARLOS VASSALO, 370'",",",'BELO HORIZONTE',",",'MG',",",'(28) 9 9419-1895',",",'RAVI.GONCALVES',",",'RAVI.GONCALVES@GMAIL.COM',",",3,),","
27,15,REBECA,CASTRO,52815963257,'19/07/1998',F,"RUA SUELI LAZARO BERNARDINO, 121",SALVADOR,BA,(68) 9 9848-9651,REBECA.CASTRO,REBECA.CASTRO@GMAIL.COM,2,,(,27,",",15,",",'REBECA',",",'CASTRO',",",'52815963257',",",'19/07/1998',",",'F',",","'RUA SUELI LAZARO BERNARDINO, 121'",",",'SALVADOR',",",'BA',",",'(68) 9 9848-9651',",",'REBECA.CASTRO',",",'REBECA.CASTRO@GMAIL.COM',",",2,),","
28,15,STEFANI,FERNANDES SOUZA,80905963257,'20/07/1998',F,"RUA AFONSO GEREMIAS, 295",CANDEIAS,PE,(61) 9 6481-2064,STEFANI.FERNANDES.SOUZA,STEFANI.FERNANDES.SOUZA@GMAIL.COM,3,,(,28,",",15,",",'STEFANI',",",'FERNANDES SOUZA',",",'80905963257',",",'20/07/1998',",",'F',",","'RUA AFONSO GEREMIAS, 295'",",",'CANDEIAS',",",'PE',",",'(61) 9 6481-2064',",",'STEFANI.FERNANDES.SOUZA',",",'STEFANI.FERNANDES.SOUZA@GMAIL.COM',",",3,),","
29,15,JOÃO CARLOS,ALMEIDA LIMA,85415113257,'21/07/1998',M,"RUA JOSÉ PALAMONE LEPRE, 791",LAURO DE FREITAS,BA,(83) 9 7351-2365,JOÃOCARLOS.ALMEIDA.LIMA,JOÃOCARLOS.ALMEIDA.LIMA@GMAIL.COM,2,,(,29,",",15,",",'JOÃO CARLOS',",",'ALMEIDA LIMA',",",'85415113257',",",'21/07/1998',",",'M',",","'RUA JOSÉ PALAMONE LEPRE, 791'",",",'LAURO DE FREITAS',",",'BA',",",'(83) 9 7351-2365',",",'JOÃOCARLOS.ALMEIDA.LIMA',",",'JOÃOCARLOS.ALMEIDA.LIMA@GMAIL.COM',",",2,),","
30,14,JOÃO PEDRO,DIAS,14215963257,'22/07/1998',M,"AVENIDA ALFEU GONÇALVES BELCHIOR, 75",BELÉM,PA,(63) 9 7258-4181,JOÃO.PEDRO.DIAS,JOÃO.PEDRO.DIAS@GMAIL.COM,3,,(,30,",",14,",",'JOÃO PEDRO',",",'DIAS',",",'14215963257',",",'22/07/1998',",",'M',",","'AVENIDA ALFEU GONÇALVES BELCHIOR, 75'",",",'BELÉM',",",'PA',",",'(63) 9 7258-4181',",",'JOÃO.PEDRO.DIAS',",",'JOÃO.PEDRO.DIAS@GMAIL.COM',",",3,),","
31,9,JOÃO,BARBOSA,85415967755,'23/07/1998',T,"AVENIDA LOURENCO BATISTELLA, 325",PARAGOMINAS,PA,(96) 9 8245-3933,JOÃO.BARBOSA,JOÃO.BARBOSA@GMAIL.COM,2,,(,31,",",9,",",'JOÃO',",",'BARBOSA',",",'85415967755',",",'23/07/1998',",",'T',",","'AVENIDA LOURENCO BATISTELLA, 325'",",",'PARAGOMINAS',",",'PA',",",'(96) 9 8245-3933',",",'JOÃO.BARBOSA',",",'JOÃO.BARBOSA@GMAIL.COM',",",2,),","
32,7,JOÃO CARLOS,MELO,85415969947,'24/07/1998',M,"RUA CORONEL FRANCISCO RODRIGUÊS,, 270A",PETROLINA,PE,(69) 9 8573-5584,JOÃO.CARLOS.MELO,JOÃO.CARLOS.MELO@GMAIL.COM,3,,(,32,",",7,",",'JOÃO CARLOS',",",'MELO',",",'85415969947',",",'24/07/1998',",",'M',",","'RUA CORONEL FRANCISCO RODRIGUÊS,, 270A'",",",'PETROLINA',",",'PE',",",'(69) 9 8573-5584',",",'JOÃO.CARLOS.MELO',",",'JOÃO.CARLOS.MELO@GMAIL.COM',",",3,),","
33,7,ANA CAROLINA,RIBEIRO,85444463257,'25/07/1998',F,"RUA NOSSA SENHORA DAS DORES, 629",SOBRAL,CE,(96) 9 8966-2436,ANA.CAROLINA.RIBEIRO,ANA.CAROLINA.RIBEIRO@GMAIL.COM,1,,(,33,",",7,",",'ANA CAROLINA',",",'RIBEIRO',",",'85444463257',",",'25/07/1998',",",'F',",","'RUA NOSSA SENHORA DAS DORES, 629'",",",'SOBRAL',",",'CE',",",'(96) 9 8966-2436',",",'ANA.CAROLINA.RIBEIRO',",",'ANA.CAROLINA.RIBEIRO@GMAIL.COM',",",1,),","
34,8,ANA MARIA,CASTRO,32115963276,'26/07/1998',F,"RUA JULIO BATISTA, 41",TERESINA,PI,(62) 9 8555-1386,ANA.MARIA.CASTRO,ANA.MARIA.CASTRO@GMAIL.COM,1,,(,34,",",8,",",'ANA MARIA',",",'CASTRO',",",'32115963276',",",'26/07/1998',",",'F',",","'RUA JULIO BATISTA, 41'",",",'TERESINA',",",'PI',",",'(62) 9 8555-1386',",",'ANA.MARIA.CASTRO',",",'ANA.MARIA.CASTRO@GMAIL.COM',",",1,),","
35,8,ANA CARLA,CORREIA,34515963234,'27/07/1998',F,"RUA ARMANDO COLANGELO, 1584",ANÁPOLIS,GO,(71) 9 8184-7526,ANA.CARLA.CORREIA,ANA.CARLA.CORREIA@GMAIL.COM,1,,(,35,",",8,",",'ANA CARLA',",",'CORREIA',",",'34515963234',",",'27/07/1998',",",'F',",","'RUA ARMANDO COLANGELO, 1584'",",",'ANÁPOLIS',",",'GO',",",'(71) 9 8184-7526',",",'ANA.CARLA.CORREIA',",",'ANA.CARLA.CORREIA@GMAIL.COM',",",1,),","
36,8,MARIA,COSTA,38615963257,'28/07/1998',F,"AVENIDA PREFEITO JOAQUIM A. GUIMARAES, 1610",RIO DE JANEIRO,RJ,(66) 9 9272-1093,MARIA.COSTA,MARIA.COSTA@GMAIL.COM,1,,(,36,",",8,",",'MARIA',",",'COSTA',",",'38615963257',",",'28/07/1998',",",'F',",","'AVENIDA PREFEITO JOAQUIM A. GUIMARAES, 1610'",",",'RIO DE JANEIRO',",",'RJ',",",'(66) 9 9272-1093',",",'MARIA.COSTA',",",'MARIA.COSTA@GMAIL.COM',",",1,),","
37,6,MARIA CAROLINA,CASTRO SILVA,46915963257,'29/07/1998',F,"AVENIDA DA SAUDADE, 54",SÃO PAULO,SP,(85) 9 6266-4583,MARIA.CAROLINA.CASTRO SILVA,MARIA.CAROLINA.CASTRO SILVA@GMAIL.COM,3,,(,37,",",6,",",'MARIA CAROLINA',",",'CASTRO SILVA',",",'46915963257',",",'29/07/1998',",",'F',",","'AVENIDA DA SAUDADE, 54'",",",'SÃO PAULO',",",'SP',",",'(85) 9 6266-4583',",",'MARIA.CAROLINA.CASTRO SILVA',",",'MARIA.CAROLINA.CASTRO SILVA@GMAIL.COM',",",3,),","
38,5,IGOR,ARAUJO COSTA,85415968927,'30/07/1998',M,"RUA TODOS OS SANTOS, 220",SÃO PAULO,SP,(15) 9 8407-4757,IGOR.ARAUJO.COSTA,IGOR.ARAUJO.COSTA@GMAIL.COM,3,,(,38,",",5,",",'IGOR',",",'ARAUJO COSTA',",",'85415968927',",",'30/07/1998',",",'M',",","'RUA TODOS OS SANTOS, 220'",",",'SÃO PAULO',",",'SP',",",'(15) 9 8407-4757',",",'IGOR.ARAUJO.COSTA',",",'IGOR.ARAUJO.COSTA@GMAIL.COM',",",3,),","
39,1,HIGOR,ALMEIDA FERNANDES,85415966537,'31/07/1998',T,"AVENIDA MARGINAL DIREITA, 1054",SÃO JOSÉ DO RIO PRETO,SP,(96) 9 6515-6436,HIGOR.ALMEIDA.FERNANDES,HIGOR.ALMEIDA.FERNANDES@GMAIL.COM,2,,(,39,",",1,",",'HIGOR',",",'ALMEIDA FERNANDES',",",'85415966537',",",'31/07/1998',",",'T',",","'AVENIDA MARGINAL DIREITA, 1054'",",",'SÃO JOSÉ DO RIO PRETO',",",'SP',",",'(96) 9 6515-6436',",",'HIGOR.ALMEIDA.FERNANDES',",",'HIGOR.ALMEIDA.FERNANDES@GMAIL.COM',",",2,),","
40,3,ANDRE,SAMPAIO,55159632534,'01/08/1998',M,"RUA JOÃO PAPIN, 793",BARREIRAS,BA,(32) 9 9315-1177,ANDRE.SAMPAIO,ANDRE.SAMPAIO@GMAIL.COM,3,,(,40,",",3,",",'ANDRE',",",'SAMPAIO',",",'55159632534',",",'01/08/1998',",",'M',",","'RUA JOÃO PAPIN, 793'",",",'BARREIRAS',",",'BA',",",'(32) 9 9315-1177',",",'ANDRE.SAMPAIO',",",'ANDRE.SAMPAIO@GMAIL.COM',",",3,),","
41,3,DANIEL ,SAMPAIO,85415969832,'02/08/1998',M,"AVENIDA PAULO DIOGO VALIM, 3",BRASÍLIA,DF,(43) 9 9843-2573,DANIEL.SAMPAIO,DANIEL.SAMPAIO@GMAIL.COM,1,,(,41,",",3,",",'DANIEL ',",",'SAMPAIO',",",'85415969832',",",'02/08/1998',",",'M',",","'AVENIDA PAULO DIOGO VALIM, 3'",",",'BRASÍLIA',",",'DF',",",'(43) 9 9843-2573',",",'DANIEL.SAMPAIO',",",'DANIEL.SAMPAIO@GMAIL.COM',",",1,),","
42,4,DANIELA,SAMPAIO,85415966758,'03/08/1998',F,"AVENIDA JULIANA MARIA DE LIMA, 100",BRASÍLIA,DF,(12) 9 7323-3544,DANIELA.SAMPAIO,DANIELA.SAMPAIO@GMAIL.COM,1,,(,42,",",4,",",'DANIELA',",",'SAMPAIO',",",'85415966758',",",'03/08/1998',",",'F',",","'AVENIDA JULIANA MARIA DE LIMA, 100'",",",'BRASÍLIA',",",'DF',",",'(12) 9 7323-3544',",",'DANIELA.SAMPAIO',",",'DANIELA.SAMPAIO@GMAIL.COM',",",1,),","
43,5,DANIELLE,CAMARGO,73215963257,'04/08/1998',F,"RUA DOUTOR JOSE DE MOURA RESENDE, 650",QUIXADÁ,CE,(85) 9 7134-6137,DANIELLE.CAMARGO,DANIELLE.CAMARGO@GMAIL.COM,1,,(,43,",",5,",",'DANIELLE',",",'CAMARGO',",",'73215963257',",",'04/08/1998',",",'F',",","'RUA DOUTOR JOSE DE MOURA RESENDE, 650'",",",'QUIXADÁ',",",'CE',",",'(85) 9 7134-6137',",",'DANIELLE.CAMARGO',",",'DANIELLE.CAMARGO@GMAIL.COM',",",1,),","
44,6,THAIS,CAMARGO,12415969257,'05/08/1998',F,"RRUA GOV. ADHEMAR DE BARROS, 50",PRESIDENTE DUTRA,SP,(98) 9 8194-0423,THAIS.CAMARGO,THAIS.CAMARGO@GMAIL.COM,1,,(,44,",",6,",",'THAIS',",",'CAMARGO',",",'12415969257',",",'05/08/1998',",",'F',",","'RRUA GOV. ADHEMAR DE BARROS, 50'",",",'PRESIDENTE DUTRA',",",'SP',",",'(98) 9 8194-0423',",",'THAIS.CAMARGO',",",'THAIS.CAMARGO@GMAIL.COM',",",1,),","
45,7,TATIANE,SILVA SOUZA,85415963292,'06/08/1998',F,"AV. JOSEFINA GIOVANA ROSSI, 1000",CAMPINAS,SP,(27) 9 8268-3637,TATIANE.SILVA.SOUZA,TATIANE.SILVA.SOUZA@GMAIL.COM,1,,(,45,",",7,",",'TATIANE',",",'SILVA SOUZA',",",'85415963292',",",'06/08/1998',",",'F',",","'AV. JOSEFINA GIOVANA ROSSI, 1000'",",",'CAMPINAS',",",'SP',",",'(27) 9 8268-3637',",",'TATIANE.SILVA.SOUZA',",",'TATIANE.SILVA.SOUZA@GMAIL.COM',",",1,),","
46,12,ISABELA,LIMA GONCALVES,85415963299,'07/08/1998',F,"RUA PEREIRA BARRETO, 289",PRESIDENTE DUTRA,SP,(48) 9 8258-2954,ISABELA.LIMA.GONCALVES,ISABELA.LIMA.GONCALVES@GMAIL.COM,3,,(,46,",",12,",",'ISABELA',",",'LIMA GONCALVES',",",'85415963299',",",'07/08/1998',",",'F',",","'RUA PEREIRA BARRETO, 289'",",",'PRESIDENTE DUTRA',",",'SP',",",'(48) 9 8258-2954',",",'ISABELA.LIMA.GONCALVES',",",'ISABELA.LIMA.GONCALVES@GMAIL.COM',",",3,),","
47,13,ISABEL,ROCHA GOMES,85417563257,'08/08/1998',F,"RUA DONA LUISA DE GUSMAO, 2200",MACAPÁ,AM,(54) 9 8782-2527,ISABEL.ROCHA.GOMES,ISABEL.ROCHA.GOMES@GMAIL.COM,3,,(,47,",",13,",",'ISABEL',",",'ROCHA GOMES',",",'85417563257',",",'08/08/1998',",",'F',",","'RUA DONA LUISA DE GUSMAO, 2200'",",",'MACAPÁ',",",'AM',",",'(54) 9 8782-2527',",",'ISABEL.ROCHA.GOMES',",",'ISABEL.ROCHA.GOMES@GMAIL.COM',",",3,),","
48,14,ISABELE,FERREIRA,12315963257,'09/08/1998',F,"RUA PADRE CASSIANO, 656 - PREDIO",ALUMÍNIO,SP,(62) 9 8781-8481,ISABELE.FERREIRA,ISABELE.FERREIRA@GMAIL.COM,2,,(,48,",",14,",",'ISABELE',",",'FERREIRA',",",'12315963257',",",'09/08/1998',",",'F',",","'RUA PADRE CASSIANO, 656 - PREDIO'",",",'ALUMÍNIO',",",'SP',",",'(62) 9 8781-8481',",",'ISABELE.FERREIRA',",",'ISABELE.FERREIRA@GMAIL.COM',",",2,),","
49,15,MARISA,LINHARES ,35415963255,'10/08/1998',F,"RUA CAPITÃO AMÉRICO FRANCISCO DA VEIGA, 514",CUBATÃO,SP,(81) 9 6088-3347,MARISA.LINHARES,MARISA.LINHARES@GMAIL.COM,3,,(,49,",",15,",",'MARISA',",",'LINHARES ',",",'35415963255',",",'10/08/1998',",",'F',",","'RUA CAPITÃO AMÉRICO FRANCISCO DA VEIGA, 514'",",",'CUBATÃO',",",'SP',",",'(81) 9 6088-3347',",",'MARISA.LINHARES',",",'MARISA.LINHARES@GMAIL.COM',",",3,),","
50,16,ADRIANA,GUERRA,85415568250,'11/08/1998',F,"RUA PALMEIRAS, 54",OSASCO,SP,(71) 9 7623-7846,ADRIANA.GUERRA,ADRIANA.GUERRA@GMAIL.COM,2,,(,50,",",16,",",'ADRIANA',",",'GUERRA',",",'85415568250',",",'11/08/1998',",",'F',",","'RUA PALMEIRAS, 54'",",",'OSASCO',",",'SP',",",'(71) 9 7623-7846',",",'ADRIANA.GUERRA',",",'ADRIANA.GUERRA@GMAIL.COM',",",2,),","
51,1,DAVI,SMITH,5807502132,'12/08/1998',M,"RUA CAPITÃO AMÉRICO FRANCISCO DA VEIGA, 515",PORTO VELHO,RR,(62) 9 8781-8482,DAVI_SMITH,DAVI_SMITH@GMAIL.COM,3,,(,51,",",1,",",'DAVI',",",'SMITH',",",'5807502132',",",'12/08/1998',",",'M',",","'RUA CAPITÃO AMÉRICO FRANCISCO DA VEIGA, 515'",",",'PORTO VELHO',",",'RR',",",'(62) 9 8781-8482',",",'DAVI_SMITH',",",'DAVI_SMITH@GMAIL.COM',",",3,),","
52,9,ARTHUR,JOHNSON,15807502132,'13/08/1998',M,"RUA PALMEIRAS, 55",JOÃO PESSOA,PB,(81) 9 6088-3348,ARTHUR_JOHNSON,ARTHUR_JOHNSON@GMAIL.COM,3,,(,52,",",9,",",'ARTHUR',",",'JOHNSON',",",'15807502132',",",'13/08/1998',",",'M',",","'RUA PALMEIRAS, 55'",",",'JOÃO PESSOA',",",'PB',",",'(81) 9 6088-3348',",",'ARTHUR_JOHNSON',",",'ARTHUR_JOHNSON@GMAIL.COM',",",3,),","
53,11,PEDRO,WILLIAMS,25807502132,'14/08/1998',M,"RUA CAPITÃO AMÉRICO FRANCISCO DA VEIGA, 516",BRASILIA,DF,(71) 9 7623-7847,PEDRO_WILLIAMS,PEDRO_WILLIAMS@GMAIL.COM,1,,(,53,",",11,",",'PEDRO',",",'WILLIAMS',",",'25807502132',",",'14/08/1998',",",'M',",","'RUA CAPITÃO AMÉRICO FRANCISCO DA VEIGA, 516'",",",'BRASILIA',",",'DF',",",'(71) 9 7623-7847',",",'PEDRO_WILLIAMS',",",'PEDRO_WILLIAMS@GMAIL.COM',",",1,),","
54,12,GABRIEL,JONES,58075021323,'15/08/1998',M,"RUA PALMEIRAS, 56",RIO DE JANEIRO,RJ,(62) 9 8781-8483,GABRIEL_JONES,GABRIEL_JONES@GMAIL.COM,1,,(,54,",",12,",",'GABRIEL',",",'JONES',",",'58075021323',",",'15/08/1998',",",'M',",","'RUA PALMEIRAS, 56'",",",'RIO DE JANEIRO',",",'RJ',",",'(62) 9 8781-8483',",",'GABRIEL_JONES',",",'GABRIEL_JONES@GMAIL.COM',",",1,),","
55,14,BERNARDO,BROWN,35807502132,'16/08/1998',M,"RUA CAPITÃO AMÉRICO FRANCISCO DA VEIGA, 517",RIO DE JANEIRO,RJ,(81) 9 6088-3349,BERNARDO_BROWN,BERNARDO_BROWN@GMAIL.COM,1,,(,55,",",14,",",'BERNARDO',",",'BROWN',",",'35807502132',",",'16/08/1998',",",'M',",","'RUA CAPITÃO AMÉRICO FRANCISCO DA VEIGA, 517'",",",'RIO DE JANEIRO',",",'RJ',",",'(81) 9 6088-3349',",",'BERNARDO_BROWN',",",'BERNARDO_BROWN@GMAIL.COM',",",1,),","
56,15,LUCAS,DAVIS,45807502132,'17/08/1998',M,"RUA PALMEIRAS, 57",RIO DE JANEIRO,RJ,(71) 9 7623-7848,LUCAS_DAVIS,LUCAS_DAVIS@GMAIL.COM,1,,(,56,",",15,",",'LUCAS',",",'DAVIS',",",'45807502132',",",'17/08/1998',",",'M',",","'RUA PALMEIRAS, 57'",",",'RIO DE JANEIRO',",",'RJ',",",'(71) 9 7623-7848',",",'LUCAS_DAVIS',",",'LUCAS_DAVIS@GMAIL.COM',",",1,),","
57,15,MATHEUS,MILLER,55807502132,'18/08/1998',M,"RUA CAPITÃO AMÉRICO FRANCISCO DA VEIGA, 518",FLORIANÓPOLIS,SC,(62) 9 8781-8484,MATHEUS_MILLER,MATHEUS_MILLER@GMAIL.COM,1,,(,57,",",15,",",'MATHEUS',",",'MILLER',",",'55807502132',",",'18/08/1998',",",'M',",","'RUA CAPITÃO AMÉRICO FRANCISCO DA VEIGA, 518'",",",'FLORIANÓPOLIS',",",'SC',",",'(62) 9 8781-8484',",",'MATHEUS_MILLER',",",'MATHEUS_MILLER@GMAIL.COM',",",1,),","
58,3,RAFAEL,WILSON,65807502132,'19/08/1998',M,"RUA GENOVEVA ONOFRE BARBAN, 58",SÃO PAULO,SP,(81) 9 6088-3350,RAFAEL_WILSON,RAFAEL_WILSON@GMAIL.COM,1,,(,58,",",3,",",'RAFAEL',",",'WILSON',",",'65807502132',",",'19/08/1998',",",'M',",","'RUA GENOVEVA ONOFRE BARBAN, 58'",",",'SÃO PAULO',",",'SP',",",'(81) 9 6088-3350',",",'RAFAEL_WILSON',",",'RAFAEL_WILSON@GMAIL.COM',",",1,),","
59,2,HEITOR,MOORE,75807502132,'20/08/1998',M,"AV. CAVALHEIRO PASCHOAL INNECCHI, 963",BELO HORIZONTE,MG,(71) 9 7623-7849,HEITOR_MOORE,HEITOR_MOORE@GMAIL.COM,3,,(,59,",",2,",",'HEITOR',",",'MOORE',",",'75807502132',",",'20/08/1998',",",'M',",","'AV. CAVALHEIRO PASCHOAL INNECCHI, 963'",",",'BELO HORIZONTE',",",'MG',",",'(71) 9 7623-7849',",",'HEITOR_MOORE',",",'HEITOR_MOORE@GMAIL.COM',",",3,),","
60,3,ENZO,TAYLOR,85807502138,'21/08/1998',M,"ESTRADA PARA REPRESA DE GERICINÓ, 8544",SALVADOR,BA,(62) 9 8781-8485,ENZO_TAYLOR,ENZO_TAYLOR@GMAIL.COM,2,,(,60,",",3,",",'ENZO',",",'TAYLOR',",",'85807502138',",",'21/08/1998',",",'M',",","'ESTRADA PARA REPRESA DE GERICINÓ, 8544'",",",'SALVADOR',",",'BA',",",'(62) 9 8781-8485',",",'ENZO_TAYLOR',",",'ENZO_TAYLOR@GMAIL.COM',",",2,),","
61,2,GUILHERME,ANDERSON,95807502132,'22/08/1998',M,"VICINAL PARA SÃO JOSE, 122",CANDEIAS,PE,(62) 9 8781-8482,GUILHERME_ANDERSON,GUILHERME_ANDERSON@GMAIL.COM,1,,(,61,",",2,",",'GUILHERME',",",'ANDERSON',",",'95807502132',",",'22/08/1998',",",'M',",","'VICINAL PARA SÃO JOSE, 122'",",",'CANDEIAS',",",'PE',",",'(62) 9 8781-8482',",",'GUILHERME_ANDERSON',",",'GUILHERME_ANDERSON@GMAIL.COM',",",1,),","
62,5,NICOLAS,THOMAS,10807502132,'23/08/1998',M,"RUA SETE DE SETEMBRO, 968",LAURO DE FREITAS,BA,(81) 9 6088-3348,NICOLAS_THOMAS,NICOLAS_THOMAS@GMAIL.COM,1,,(,62,",",5,",",'NICOLAS',",",'THOMAS',",",'10807502132',",",'23/08/1998',",",'M',",","'RUA SETE DE SETEMBRO, 968'",",",'LAURO DE FREITAS',",",'BA',",",'(81) 9 6088-3348',",",'NICOLAS_THOMAS',",",'NICOLAS_THOMAS@GMAIL.COM',",",1,),","
63,20,LORENZO,JACKSON,11807502132,'24/08/1998',M,"AVENIDA PADRE MENDONÇA, 110",BELÉM,PA,(71) 9 7623-7847,LORENZO_JACKSON,LORENZO_JACKSON@GMAIL.COM,3,,(,63,",",20,",",'LORENZO',",",'JACKSON',",",'11807502132',",",'24/08/1998',",",'M',",","'AVENIDA PADRE MENDONÇA, 110'",",",'BELÉM',",",'PA',",",'(71) 9 7623-7847',",",'LORENZO_JACKSON',",",'LORENZO_JACKSON@GMAIL.COM',",",3,),","
64,20,GUSTAVO,WHITE,12807502132,'25/08/1998',M,"RUA GENOVEVA ONOFRE BARBAN, 59",PARAGOMINAS,PA,(62) 9 8781-8483,GUSTAVO_WHITE,GUSTAVO_WHITE@GMAIL.COM,2,,(,64,",",20,",",'GUSTAVO',",",'WHITE',",",'12807502132',",",'25/08/1998',",",'M',",","'RUA GENOVEVA ONOFRE BARBAN, 59'",",",'PARAGOMINAS',",",'PA',",",'(62) 9 8781-8483',",",'GUSTAVO_WHITE',",",'GUSTAVO_WHITE@GMAIL.COM',",",2,),","
65,20,FELIPE,HARRIS,13807502132,'26/08/1998',M,"AV. CAVALHEIRO PASCHOAL INNECCHI, 964",PETROLINA,PE,(81) 9 6088-3349,FELIPE_HARRIS,FELIPE_HARRIS@GMAIL.COM,1,,(,65,",",20,",",'FELIPE',",",'HARRIS',",",'13807502132',",",'26/08/1998',",",'M',",","'AV. CAVALHEIRO PASCHOAL INNECCHI, 964'",",",'PETROLINA',",",'PE',",",'(81) 9 6088-3349',",",'FELIPE_HARRIS',",",'FELIPE_HARRIS@GMAIL.COM',",",1,),","
66,20,SAMUEL,MARTIN,14807502132,'27/08/1998',M,"ESTRADA PARA REPRESA DE GERICINÓ, 8545",SOBRAL,CE,(71) 9 7623-7848,SAMUEL_MARTIN,SAMUEL_MARTIN@GMAIL.COM,1,,(,66,",",20,",",'SAMUEL',",",'MARTIN',",",'14807502132',",",'27/08/1998',",",'M',",","'ESTRADA PARA REPRESA DE GERICINÓ, 8545'",",",'SOBRAL',",",'CE',",",'(71) 9 7623-7848',",",'SAMUEL_MARTIN',",",'SAMUEL_MARTIN@GMAIL.COM',",",1,),","
67,20,JOÃO PEDRO,THOMPSON,16807502132,'28/08/1998',M,"VICINAL PARA SÃO JOSE, 74",TERESINA,PI,(62) 9 8781-8484,JOÃO PEDRO_THOMPSON,JOÃO PEDRO_THOMPSON@GMAIL.COM,2,,(,67,",",20,",",'JOÃO PEDRO',",",'THOMPSON',",",'16807502132',",",'28/08/1998',",",'M',",","'VICINAL PARA SÃO JOSE, 74'",",",'TERESINA',",",'PI',",",'(62) 9 8781-8484',",",'JOÃO PEDRO_THOMPSON',",",'JOÃO PEDRO_THOMPSON@GMAIL.COM',",",2,),","
68,1,DANIEL,GARCIA,17807502132,'29/08/1998',M,"RUA SETE DE SETEMBRO, 969",ANÁPOLIS,GO,(81) 9 6088-3350,DANIEL_GARCIA,DANIEL_GARCIA@GMAIL.COM,3,,(,68,",",1,",",'DANIEL',",",'GARCIA',",",'17807502132',",",'29/08/1998',",",'M',",","'RUA SETE DE SETEMBRO, 969'",",",'ANÁPOLIS',",",'GO',",",'(81) 9 6088-3350',",",'DANIEL_GARCIA',",",'DANIEL_GARCIA@GMAIL.COM',",",3,),","
69,9,VITOR,MARTINEZ,18807502132,'30/08/1998',M,"AVENIDA PADRE MENDONÇA, 111",BRASILIA,DF,(71) 9 7623-7849,VITOR_MARTINEZ,VITOR_MARTINEZ@GMAIL.COM,3,,(,69,",",9,",",'VITOR',",",'MARTINEZ',",",'18807502132',",",'30/08/1998',",",'M',",","'AVENIDA PADRE MENDONÇA, 111'",",",'BRASILIA',",",'DF',",",'(71) 9 7623-7849',",",'VITOR_MARTINEZ',",",'VITOR_MARTINEZ@GMAIL.COM',",",3,),","
70,11,LEONARDO,ROBINSON,19807502132,'31/08/1998',M,"RUA GENOVEVA ONOFRE BARBAN, 60",RIO DE JANEIRO,RJ,(62) 9 8781-8485,LEONARDO_ROBINSON,LEONARDO_ROBINSON@GMAIL.COM,3,,(,70,",",11,",",'LEONARDO',",",'ROBINSON',",",'19807502132',",",'31/08/1998',",",'M',",","'RUA GENOVEVA ONOFRE BARBAN, 60'",",",'RIO DE JANEIRO',",",'RJ',",",'(62) 9 8781-8485',",",'LEONARDO_ROBINSON',",",'LEONARDO_ROBINSON@GMAIL.COM',",",3,),","
71,12,HENRIQUE,CLARK,20807502132,'01/09/1998',M,"AV. CAVALHEIRO PASCHOAL INNECCHI, 965",SÃO PAULO,SP,(81) 9 6088-3351,HENRIQUE_CLARK,HENRIQUE_CLARK@GMAIL.COM,1,,(,71,",",12,",",'HENRIQUE',",",'CLARK',",",'20807502132',",",'01/09/1998',",",'M',",","'AV. CAVALHEIRO PASCHOAL INNECCHI, 965'",",",'SÃO PAULO',",",'SP',",",'(81) 9 6088-3351',",",'HENRIQUE_CLARK',",",'HENRIQUE_CLARK@GMAIL.COM',",",1,),","
72,14,THEO,RODRIGUEZ,21807502132,'02/09/1998',M,"ESTRADA PARA REPRESA DE GERICINÓ, 8546",FORTALEZA,CE,(71) 9 7623-7850,THEO_RODRIGUEZ,THEO_RODRIGUEZ@GMAIL.COM,1,,(,72,",",14,",",'THEO',",",'RODRIGUEZ',",",'21807502132',",",'02/09/1998',",",'M',",","'ESTRADA PARA REPRESA DE GERICINÓ, 8546'",",",'FORTALEZA',",",'CE',",",'(71) 9 7623-7850',",",'THEO_RODRIGUEZ',",",'THEO_RODRIGUEZ@GMAIL.COM',",",1,),","
73,15,MURILO,LEWIS,22807502132,'03/09/1998',M,"VICINAL PARA SÃO JOSE, 012",PORTO ALEGRE,RS,(62) 9 8781-8486,MURILO_LEWIS,MURILO_LEWIS@GMAIL.COM,1,,(,73,",",15,",",'MURILO',",",'LEWIS',",",'22807502132',",",'03/09/1998',",",'M',",","'VICINAL PARA SÃO JOSE, 012'",",",'PORTO ALEGRE',",",'RS',",",'(62) 9 8781-8486',",",'MURILO_LEWIS',",",'MURILO_LEWIS@GMAIL.COM',",",1,),","
74,12,EDUARDO,LEE,23807502132,'04/09/1998',M,"RUA SETE DE SETEMBRO, 970",CURITIBA,PR,(62) 9 8781-8483,EDUARDO_LEE,EDUARDO_LEE@GMAIL.COM,1,,(,74,",",12,",",'EDUARDO',",",'LEE',",",'23807502132',",",'04/09/1998',",",'M',",","'RUA SETE DE SETEMBRO, 970'",",",'CURITIBA',",",'PR',",",'(62) 9 8781-8483',",",'EDUARDO_LEE',",",'EDUARDO_LEE@GMAIL.COM',",",1,),","
75,14,ALICE,WALKER,24807502132,'05/09/1998',F,"AVENIDA PADRE MENDONÇA, 112",CAMPINAS,SP,(81) 9 6088-3349,ALICE_WALKER,ALICE_WALKER@GMAIL.COM,1,,(,75,",",14,",",'ALICE',",",'WALKER',",",'24807502132',",",'05/09/1998',",",'F',",","'AVENIDA PADRE MENDONÇA, 112'",",",'CAMPINAS',",",'SP',",",'(81) 9 6088-3349',",",'ALICE_WALKER',",",'ALICE_WALKER@GMAIL.COM',",",1,),","
76,15,JULIA,HALL,25807502132,'06/09/1998',F,"RUA GENOVEVA ONOFRE BARBAN, 61",NATAL,RN,(71) 9 7623-7848,JULIA_HALL,JULIA_HALL@GMAIL.COM,1,,(,76,",",15,",",'JULIA',",",'HALL',",",'25807502132',",",'06/09/1998',",",'F',",","'RUA GENOVEVA ONOFRE BARBAN, 61'",",",'NATAL',",",'RN',",",'(71) 9 7623-7848',",",'JULIA_HALL',",",'JULIA_HALL@GMAIL.COM',",",1,),","
77,15,ISABELLA,ALLEN,26807502132,'07/09/1998',F,"AV. CAVALHEIRO PASCHOAL INNECCHI, 966",RIO BRANCO,AC,(62) 9 8781-8484,ISABELLA_ALLEN,ISABELLA_ALLEN@GMAIL.COM,3,,(,77,",",15,",",'ISABELLA',",",'ALLEN',",",'26807502132',",",'07/09/1998',",",'F',",","'AV. CAVALHEIRO PASCHOAL INNECCHI, 966'",",",'RIO BRANCO',",",'AC',",",'(62) 9 8781-8484',",",'ISABELLA_ALLEN',",",'ISABELLA_ALLEN@GMAIL.COM',",",3,),","
78,3,MANUELA,YOUNG,27807502132,'08/09/1998',F,"ESTRADA PARA REPRESA DE GERICINÓ, 8547",MANAUS,AM,(81) 9 6088-3350,MANUELA_YOUNG,MANUELA_YOUNG@GMAIL.COM,3,,(,78,",",3,",",'MANUELA',",",'YOUNG',",",'27807502132',",",'08/09/1998',",",'F',",","'ESTRADA PARA REPRESA DE GERICINÓ, 8547'",",",'MANAUS',",",'AM',",",'(81) 9 6088-3350',",",'MANUELA_YOUNG',",",'MANUELA_YOUNG@GMAIL.COM',",",3,),","
79,2,LAURA,HERNANDEZ,28807502132,'09/09/1998',F,"VICINAL PARA SÃO JOSE, 216",GOIÂNIA,GO,(71) 9 7623-7849,LAURA_HERNANDEZ,LAURA_HERNANDEZ@GMAIL.COM,2,,(,79,",",2,",",'LAURA',",",'HERNANDEZ',",",'28807502132',",",'09/09/1998',",",'F',",","'VICINAL PARA SÃO JOSE, 216'",",",'GOIÂNIA',",",'GO',",",'(71) 9 7623-7849',",",'LAURA_HERNANDEZ',",",'LAURA_HERNANDEZ@GMAIL.COM',",",2,),","
80,3,LUIZA,KING,29807502132,'10/09/1998',F,"RUA SETE DE SETEMBRO, 971",ARACAJU,SE,(62) 9 8781-8485,LUIZA_KING,LUIZA_KING@GMAIL.COM,3,,(,80,",",3,",",'LUIZA',",",'KING',",",'29807502132',",",'10/09/1998',",",'F',",","'RUA SETE DE SETEMBRO, 971'",",",'ARACAJU',",",'SE',",",'(62) 9 8781-8485',",",'LUIZA_KING',",",'LUIZA_KING@GMAIL.COM',",",3,),","
81,2,VALENTINA,WRIGHT,30807502132,'11/09/1998',F,"AVENIDA PADRE MENDONÇA, 113",MACEIÓ,AL,(81) 9 6088-3351,VALENTINA_WRIGHT,VALENTINA_WRIGHT@GMAIL.COM,1,,(,81,",",2,",",'VALENTINA',",",'WRIGHT',",",'30807502132',",",'11/09/1998',",",'F',",","'AVENIDA PADRE MENDONÇA, 113'",",",'MACEIÓ',",",'AL',",",'(81) 9 6088-3351',",",'VALENTINA_WRIGHT',",",'VALENTINA_WRIGHT@GMAIL.COM',",",1,),","
82,5,GIOVANNA,LOPEZ,31807502132,'12/09/1998',F,"RUA GENOVEVA ONOFRE BARBAN, 62",SOROCABA,SP,(71) 9 7623-7850,GIOVANNA_LOPEZ,GIOVANNA_LOPEZ@GMAIL.COM,1,,(,82,",",5,",",'GIOVANNA',",",'LOPEZ',",",'31807502132',",",'12/09/1998',",",'F',",","'RUA GENOVEVA ONOFRE BARBAN, 62'",",",'SOROCABA',",",'SP',",",'(71) 9 7623-7850',",",'GIOVANNA_LOPEZ',",",'GIOVANNA_LOPEZ@GMAIL.COM',",",1,),","
83,20,MARIA EDUARDA,HILL,32807502132,'13/09/1998',F,"AV. CAVALHEIRO PASCHOAL INNECCHI, 967",RIO DE JANEIRO,RJ,(62) 9 8781-8486,MARIA EDUARDA_HILL,MARIA EDUARDA_HILL@GMAIL.COM,2,,(,83,",",20,",",'MARIA EDUARDA',",",'HILL',",",'32807502132',",",'13/09/1998',",",'F',",","'AV. CAVALHEIRO PASCHOAL INNECCHI, 967'",",",'RIO DE JANEIRO',",",'RJ',",",'(62) 9 8781-8486',",",'MARIA EDUARDA_HILL',",",'MARIA EDUARDA_HILL@GMAIL.COM',",",2,),","
84,20,HELENA,SCOTT,33807502132,'14/09/1998',F,"ESTRADA PARA REPRESA DE GERICINÓ, 8548",SÃO PAULO,SP,(81) 9 6088-3352,HELENA_SCOTT,HELENA_SCOTT@GMAIL.COM,3,,(,84,",",20,",",'HELENA',",",'SCOTT',",",'33807502132',",",'14/09/1998',",",'F',",","'ESTRADA PARA REPRESA DE GERICINÓ, 8548'",",",'SÃO PAULO',",",'SP',",",'(81) 9 6088-3352',",",'HELENA_SCOTT',",",'HELENA_SCOTT@GMAIL.COM',",",3,),","
85,1,BEATRIZ,GREEN,34807502132,'15/09/1998',F,"VICINAL PARA SÃO JOSE, 33",SÃO PAULO,SP,(71) 9 7623-7851,BEATRIZ_GREEN,BEATRIZ_GREEN@GMAIL.COM,1,,(,85,",",1,",",'BEATRIZ',",",'GREEN',",",'34807502132',",",'15/09/1998',",",'F',",","'VICINAL PARA SÃO JOSE, 33'",",",'SÃO PAULO',",",'SP',",",'(71) 9 7623-7851',",",'BEATRIZ_GREEN',",",'BEATRIZ_GREEN@GMAIL.COM',",",1,),","
86,9,MARIA LUIZA,ADAMS,35807502132,'16/09/1998',F,"RUA SETE DE SETEMBRO, 972",SÃO JOSÉ DO RIO PRETO,SP,(62) 9 8781-8487,MARIA LUIZA_ADAMS,MARIA LUIZA_ADAMS@GMAIL.COM,1,,(,86,",",9,",",'MARIA LUIZA',",",'ADAMS',",",'35807502132',",",'16/09/1998',",",'F',",","'RUA SETE DE SETEMBRO, 972'",",",'SÃO JOSÉ DO RIO PRETO',",",'SP',",",'(62) 9 8781-8487',",",'MARIA LUIZA_ADAMS',",",'MARIA LUIZA_ADAMS@GMAIL.COM',",",1,),","
87,11,LARA,BAKER,36807502132,'17/09/1998',F,"AVENIDA PADRE MENDONÇA, 114",BARREIRAS,BA,(62) 9 8781-8484,LARA_BAKER,LARA_BAKER@GMAIL.COM,1,,(,87,",",11,",",'LARA',",",'BAKER',",",'36807502132',",",'17/09/1998',",",'F',",","'AVENIDA PADRE MENDONÇA, 114'",",",'BARREIRAS',",",'BA',",",'(62) 9 8781-8484',",",'LARA_BAKER',",",'LARA_BAKER@GMAIL.COM',",",1,),","
88,12,MARIANA,GONZALEZ,37807502132,'18/09/1998',F,"RUA GENOVEVA ONOFRE BARBAN, 63",BRASÍLIA,DF,(81) 9 6088-3350,MARIANA_GONZALEZ,MARIANA_GONZALEZ@GMAIL.COM,1,,(,88,",",12,",",'MARIANA',",",'GONZALEZ',",",'37807502132',",",'18/09/1998',",",'F',",","'RUA GENOVEVA ONOFRE BARBAN, 63'",",",'BRASÍLIA',",",'DF',",",'(81) 9 6088-3350',",",'MARIANA_GONZALEZ',",",'MARIANA_GONZALEZ@GMAIL.COM',",",1,),","
89,14,NICOLE,NELSON,38807502132,'19/09/1998',F,"AV. CAVALHEIRO PASCHOAL INNECCHI, 968",BRASÍLIA,DF,(71) 9 7623-7849,NICOLE_NELSON,NICOLE_NELSON@GMAIL.COM,3,,(,89,",",14,",",'NICOLE',",",'NELSON',",",'38807502132',",",'19/09/1998',",",'F',",","'AV. CAVALHEIRO PASCHOAL INNECCHI, 968'",",",'BRASÍLIA',",",'DF',",",'(71) 9 7623-7849',",",'NICOLE_NELSON',",",'NICOLE_NELSON@GMAIL.COM',",",3,),","
90,15,RAFAELA,CARTER,39807502132,'20/09/1998',F,"ESTRADA PARA REPRESA DE GERICINÓ, 8549",QUIXADÁ,CE,(62) 9 8781-8485,RAFAELA_CARTER,RAFAELA_CARTER@GMAIL.COM,3,,(,90,",",15,",",'RAFAELA',",",'CARTER',",",'39807502132',",",'20/09/1998',",",'F',",","'ESTRADA PARA REPRESA DE GERICINÓ, 8549'",",",'QUIXADÁ',",",'CE',",",'(62) 9 8781-8485',",",'RAFAELA_CARTER',",",'RAFAELA_CARTER@GMAIL.COM',",",3,),","
91,12,HELOÍSA,FERNANDES SOUZA,40807502132,'21/09/1998',F,VICINAL PARA SÃO MATEUS,PRESIDENTE DUTRA,SP,(81) 9 6088-3351,HELOÍSA_MITCHELL,HELOÍSA_MITCHELL@GMAIL.COM,1,,(,91,",",12,",",'HELOÍSA',",",'FERNANDES SOUZA',",",'40807502132',",",'21/09/1998',",",'F',",",'VICINAL PARA SÃO MATEUS',",",'PRESIDENTE DUTRA',",",'SP',",",'(81) 9 6088-3351',",",'HELOÍSA_MITCHELL',",",'HELOÍSA_MITCHELL@GMAIL.COM',",",1,),","
92,9,ISADORA,ALMEIDA LIMA,41807502132,'22/09/1998',F,"RUA SETE DE SETEMBRO, 973",CAMPINAS,SP,(71) 9 7623-7850,ISADORA_PEREZ,ISADORA_PEREZ@GMAIL.COM,1,,(,92,",",9,",",'ISADORA',",",'ALMEIDA LIMA',",",'41807502132',",",'22/09/1998',",",'F',",","'RUA SETE DE SETEMBRO, 973'",",",'CAMPINAS',",",'SP',",",'(71) 9 7623-7850',",",'ISADORA_PEREZ',",",'ISADORA_PEREZ@GMAIL.COM',",",1,),","
93,11,LÍVIA,DIAS,42807502132,'23/09/1998',F,"AVENIDA PADRE MENDONÇA, 115",PRESIDENTE DUTRA,SP,(62) 9 8781-8486,LÍVIA_ROBERTS,LÍVIA_ROBERTS@GMAIL.COM,1,,(,93,",",11,",",'LÍVIA',",",'DIAS',",",'42807502132',",",'23/09/1998',",",'F',",","'AVENIDA PADRE MENDONÇA, 115'",",",'PRESIDENTE DUTRA',",",'SP',",",'(62) 9 8781-8486',",",'LÍVIA_ROBERTS',",",'LÍVIA_ROBERTS@GMAIL.COM',",",1,),","
94,12,MARIA CLARA,BARBOSA,43807502132,'24/09/1998',F,"RUA GENOVEVA ONOFRE BARBAN, 64",MACAPÁ,AM,(81) 9 6088-3352,MARIA CLARA_TURNER,MARIA CLARA_TURNER@GMAIL.COM,1,,(,94,",",12,",",'MARIA CLARA',",",'BARBOSA',",",'43807502132',",",'24/09/1998',",",'F',",","'RUA GENOVEVA ONOFRE BARBAN, 64'",",",'MACAPÁ',",",'AM',",",'(81) 9 6088-3352',",",'MARIA CLARA_TURNER',",",'MARIA CLARA_TURNER@GMAIL.COM',",",1,),","
95,14,ANA CLARA,MELO,44807502132,'25/09/1998',F,"AV. CAVALHEIRO PASCHOAL INNECCHI, 969",ALUMÍNIO,SP,(71) 9 7623-7851,ANA CLARA_PHILLIPS,ANA CLARA_PHILLIPS@GMAIL.COM,3,,(,95,",",14,",",'ANA CLARA',",",'MELO',",",'44807502132',",",'25/09/1998',",",'F',",","'AV. CAVALHEIRO PASCHOAL INNECCHI, 969'",",",'ALUMÍNIO',",",'SP',",",'(71) 9 7623-7851',",",'ANA CLARA_PHILLIPS',",",'ANA CLARA_PHILLIPS@GMAIL.COM',",",3,),","
96,15,LORENA,RIBEIRO,45807502132,'26/09/1998',F,"ESTRADA PARA REPRESA DE GERICINÓ, 8550",CUBATÃO,SP,(62) 9 8781-8487,LORENA_CAMPBELL,LORENA_CAMPBELL@GMAIL.COM,1,,(,96,",",15,",",'LORENA',",",'RIBEIRO',",",'45807502132',",",'26/09/1998',",",'F',",","'ESTRADA PARA REPRESA DE GERICINÓ, 8550'",",",'CUBATÃO',",",'SP',",",'(62) 9 8781-8487',",",'LORENA_CAMPBELL',",",'LORENA_CAMPBELL@GMAIL.COM',",",1,),","
97,12,GABRIELA,FERREIRA,46807502132,'27/09/1998',F,VICINAL PARA PADROEIRA,OSASCO,SP,(81) 9 6088-3353,GABRIELA_PARKER,GABRIELA_PARKER@GMAIL.COM,1,,(,97,",",12,",",'GABRIELA',",",'FERREIRA',",",'46807502132',",",'27/09/1998',",",'F',",",'VICINAL PARA PADROEIRA',",",'OSASCO',",",'SP',",",'(81) 9 6088-3353',",",'GABRIELA_PARKER',",",'GABRIELA_PARKER@GMAIL.COM',",",1,),","
98,15,YASMIN,SOUZA,47807502132,'28/09/1998',F,"RUA SETE DE SETEMBRO, 974",SÃO PAULO,SP,(71) 9 7623-7852,YASMIN_EVANS,YASMIN_EVANS@GMAIL.COM,3,,(,98,",",15,",",'YASMIN',",",'SOUZA',",",'47807502132',",",'28/09/1998',",",'F',",","'RUA SETE DE SETEMBRO, 974'",",",'SÃO PAULO',",",'SP',",",'(71) 9 7623-7852',",",'YASMIN_EVANS',",",'YASMIN_EVANS@GMAIL.COM',",",3,),","
99,3,MIGUEL,DE SOUZA,48807502132,'29/09/1998',M,"AVENIDA PADRE MENDONÇA, 116",SÃO PAULO,SP,(62) 9 8781-8488,MIGUEL_EDWARDS,MIGUEL_EDWARDS@GMAIL.COM,2,,(,99,",",3,",",'MIGUEL',",",'DE SOUZA',",",'48807502132',",",'29/09/1998',",",'M',",","'AVENIDA PADRE MENDONÇA, 116'",",",'SÃO PAULO',",",'SP',",",'(62) 9 8781-8488',",",'MIGUEL_EDWARDS',",",'MIGUEL_EDWARDS@GMAIL.COM',",",2,),","
100,2,EDSON,NEVES,49807502132,'30/09/1998',M,"RUA GENOVEVA ONOFRE BARBAN, 65",SÃO JOSÉ DO RIO PRETO,SP,(62) 9 8781-8485,EDSON_COLLINS,EDSON_COLLINS@GMAIL.COM,1,,(,100,",",2,",",'EDSON',",",'NEVES',",",'49807502132',",",'30/09/1998',",",'M',",","'RUA GENOVEVA ONOFRE BARBAN, 65'",",",'SÃO JOSÉ DO RIO PRETO',",",'SP',",",'(62) 9 8781-8485',",",'EDSON_COLLINS',",",'EDSON_COLLINS@GMAIL.COM',",",1,),","
101,6,ABEL,BELTRÃO,25661031866,'01/10/1998',T,"RUA PALMEIRAS, 55",CAMPINAS,SP,(62) 9 8781-8480,ABEL.BELTRÃO,ABEL.BELTRÃO@GMAIL.COM,1,,(,101,",",6,",",'ABEL',",",'BELTRÃO',",",'25661031866',",",'01/10/1998',",",'T',",","'RUA PALMEIRAS, 55'",",",'CAMPINAS',",",'SP',",",'(62) 9 8781-8480',",",'ABEL.BELTRÃO',",",'ABEL.BELTRÃO@GMAIL.COM',",",1,),","
102,7,ALBERTO,GUEDELLA,30576875392,'02/10/1998',T,"RUA CAPITÃO AMÉRICO FRANCISCO DA VEIGA, 516",NATAL,RN,(62) 9 8781-8477,ALBERTO.GUEDELLA,ALBERTO.GUEDELLA@GMAIL.COM,3,,(,102,",",7,",",'ALBERTO',",",'GUEDELLA',",",'30576875392',",",'02/10/1998',",",'T',",","'RUA CAPITÃO AMÉRICO FRANCISCO DA VEIGA, 516'",",",'NATAL',",",'RN',",",'(62) 9 8781-8477',",",'ALBERTO.GUEDELLA',",",'ALBERTO.GUEDELLA@GMAIL.COM',",",3,),","
103,12,ALDA,AZEVEDO,16741502106,'03/10/1998',T,"RUA PALMEIRAS, 56",RIO BRANCO,AC,(81) 9 6088-3350,ALDA.AZEVEDO,ALDA.AZEVEDO@GMAIL.COM,1,,(,103,",",12,",",'ALDA',",",'AZEVEDO',",",'16741502106',",",'03/10/1998',",",'T',",","'RUA PALMEIRAS, 56'",",",'RIO BRANCO',",",'AC',",",'(81) 9 6088-3350',",",'ALDA.AZEVEDO',",",'ALDA.AZEVEDO@GMAIL.COM',",",1,),","
104,13,ALZIRA,GOUVÊA,71455784508,'04/10/1998',NB,"RUA CAPITÃO AMÉRICO FRANCISCO DA VEIGA, 517",MANAUS,AM,(71) 9 7623-7849,ALZIRA.GOUVÊA,ALZIRA.GOUVÊA@GMAIL.COM,3,,(,104,",",13,",",'ALZIRA',",",'GOUVÊA',",",'71455784508',",",'04/10/1998',",",'NB',",","'RUA CAPITÃO AMÉRICO FRANCISCO DA VEIGA, 517'",",",'MANAUS',",",'AM',",",'(71) 9 7623-7849',",",'ALZIRA.GOUVÊA',",",'ALZIRA.GOUVÊA@GMAIL.COM',",",3,),","
105,14,AMÍLCAR,PEROBA,12103534239,'05/10/1998',NB,"RUA PALMEIRAS, 57",GOIÂNIA,GO,(62) 9 8781-8485,AMÍLCAR.PEROBA,AMÍLCAR.PEROBA@GMAIL.COM,3,,(,105,",",14,",",'AMÍLCAR',",",'PEROBA',",",'12103534239',",",'05/10/1998',",",'NB',",","'RUA PALMEIRAS, 57'",",",'GOIÂNIA',",",'GO',",",'(62) 9 8781-8485',",",'AMÍLCAR.PEROBA',",",'AMÍLCAR.PEROBA@GMAIL.COM',",",3,),","
106,15,ANGELINA,MACENA,33787534717,'06/10/1998',NB,"RUA CAPITÃO AMÉRICO FRANCISCO DA VEIGA, 518",ARACAJU,SE,(81) 9 6088-3351,ANGELINA.MACENA,ANGELINA.MACENA@GMAIL.COM,1,,(,106,",",15,",",'ANGELINA',",",'MACENA',",",'33787534717',",",'06/10/1998',",",'NB',",","'RUA CAPITÃO AMÉRICO FRANCISCO DA VEIGA, 518'",",",'ARACAJU',",",'SE',",",'(81) 9 6088-3351',",",'ANGELINA.MACENA',",",'ANGELINA.MACENA@GMAIL.COM',",",1,),","
107,16,ANGÉLICA,ZAMBUJAL,88005437749,'07/10/1998',NB,"RUA PALMEIRAS, 58",MACEIÓ,AL,(71) 9 7623-7850,ANGÉLICA.ZAMBUJAL,ANGÉLICA.ZAMBUJAL@GMAIL.COM,2,,(,107,",",16,",",'ANGÉLICA',",",'ZAMBUJAL',",",'88005437749',",",'07/10/1998',",",'NB',",","'RUA PALMEIRAS, 58'",",",'MACEIÓ',",",'AL',",",'(71) 9 7623-7850',",",'ANGÉLICA.ZAMBUJAL',",",'ANGÉLICA.ZAMBUJAL@GMAIL.COM',",",2,),","
108,1,ANHANGÜERA,BARBOSA,47043426707,'08/10/1998',NB,"RUA CAPITÃO AMÉRICO FRANCISCO DA VEIGA, 519",SOROCABA,SP,(62) 9 8781-8486,ANHANGÜERA.BARBOSA,ANHANGÜERA.BARBOSA@GMAIL.COM,3,,(,108,",",1,",",'ANHANGÜERA',",",'BARBOSA',",",'47043426707',",",'08/10/1998',",",'NB',",","'RUA CAPITÃO AMÉRICO FRANCISCO DA VEIGA, 519'",",",'SOROCABA',",",'SP',",",'(62) 9 8781-8486',",",'ANHANGÜERA.BARBOSA',",",'ANHANGÜERA.BARBOSA@GMAIL.COM',",",3,),","
109,9,ANIND,BERNARDES,54841331573,'09/10/1998',T,"RUA GENOVEVA ONOFRE BARBAN, 59",SÃO GONÇALO,RJ,(81) 9 6088-3352,ANIND.BERNARDES,ANIND.BERNARDES@GMAIL.COM,3,,(,109,",",9,",",'ANIND',",",'BERNARDES',",",'54841331573',",",'09/10/1998',",",'T',",","'RUA GENOVEVA ONOFRE BARBAN, 59'",",",'SÃO GONÇALO',",",'RJ',",",'(81) 9 6088-3352',",",'ANIND.BERNARDES',",",'ANIND.BERNARDES@GMAIL.COM',",",3,),","
110,11,ANÍBAL,CARVALHAIS,74388784060,'10/10/1998',T,"AV. CAVALHEIRO PASCHOAL INNECCHI, 964",RECIFE,PE,(71) 9 7623-7851,ANÍBAL.CARVALHAIS,ANÍBAL.CARVALHAIS@GMAIL.COM,2,,(,110,",",11,",",'ANÍBAL',",",'CARVALHAIS',",",'74388784060',",",'10/10/1998',",",'T',",","'AV. CAVALHEIRO PASCHOAL INNECCHI, 964'",",",'RECIFE',",",'PE',",",'(71) 9 7623-7851',",",'ANÍBAL.CARVALHAIS',",",'ANÍBAL.CARVALHAIS@GMAIL.COM',",",2,),","
111,12,BALTASAR,CÉSAR,14101370400,'11/10/1998',T,"ESTRADA PARA REPRESA DE GERICINÓ, 8545",PORTO ALEGRE,RS,(62) 9 8781-8487,BALTASAR.CÉSAR,BALTASAR.CÉSAR@GMAIL.COM,3,,(,111,",",12,",",'BALTASAR',",",'CÉSAR',",",'14101370400',",",'11/10/1998',",",'T',",","'ESTRADA PARA REPRESA DE GERICINÓ, 8545'",",",'PORTO ALEGRE',",",'RS',",",'(62) 9 8781-8487',",",'BALTASAR.CÉSAR',",",'BALTASAR.CÉSAR@GMAIL.COM',",",3,),","
112,14,BELMIRA,PAJARES,73350477062,'12/10/1998',T,"VICINAL PARA SÃO JOSE, 123",PORTO VELHO,RR,(81) 9 6088-3353,BELMIRA.PAJARES,BELMIRA.PAJARES@GMAIL.COM,3,,(,112,",",14,",",'BELMIRA',",",'PAJARES',",",'73350477062',",",'12/10/1998',",",'T',",","'VICINAL PARA SÃO JOSE, 123'",",",'PORTO VELHO',",",'RR',",",'(81) 9 6088-3353',",",'BELMIRA.PAJARES',",",'BELMIRA.PAJARES@GMAIL.COM',",",3,),","
113,15,BERNARDETE,BUGALLO,5015351607,'13/10/1998',F,"RUA SETE DE SETEMBRO, 969",JOÃO PESSOA,PB,(71) 9 7623-7852,BERNARDETE.BUGALLO,BERNARDETE.BUGALLO@GMAIL.COM,1,,(,113,",",15,",",'BERNARDETE',",",'BUGALLO',",",'5015351607',",",'13/10/1998',",",'F',",","'RUA SETE DE SETEMBRO, 969'",",",'JOÃO PESSOA',",",'PB',",",'(71) 9 7623-7852',",",'BERNARDETE.BUGALLO',",",'BERNARDETE.BUGALLO@GMAIL.COM',",",1,),","
114,15,CAETANO,PACHECO,40435021095,'14/10/1998',M,"AVENIDA PADRE MENDONÇA, 111",BRASILIA,DF,(62) 9 8781-8481,CAETANO.PACHECO,CAETANO.PACHECO@GMAIL.COM,2,,(,114,",",15,",",'CAETANO',",",'PACHECO',",",'40435021095',",",'14/10/1998',",",'M',",","'AVENIDA PADRE MENDONÇA, 111'",",",'BRASILIA',",",'DF',",",'(62) 9 8781-8481',",",'CAETANO.PACHECO',",",'CAETANO.PACHECO@GMAIL.COM',",",2,),","
115,3,CAMILA,RANGEL,53204061000,'15/10/1998',F,"RUA GENOVEVA ONOFRE BARBAN, 60",RIO DE JANEIRO,RJ,(62) 9 8781-8478,CAMILA.RANGEL,CAMILA.RANGEL@GMAIL.COM,3,,(,115,",",3,",",'CAMILA',",",'RANGEL',",",'53204061000',",",'15/10/1998',",",'F',",","'RUA GENOVEVA ONOFRE BARBAN, 60'",",",'RIO DE JANEIRO',",",'RJ',",",'(62) 9 8781-8478',",",'CAMILA.RANGEL',",",'CAMILA.RANGEL@GMAIL.COM',",",3,),","
116,2,CARINE,ROSARIO,34156437353,'16/10/1998',F,"AV. CAVALHEIRO PASCHOAL INNECCHI, 965",RIO DE JANEIRO,RJ,(81) 9 6088-3351,CARINE.ROSARIO,CARINE.ROSARIO@GMAIL.COM,3,,(,116,",",2,",",'CARINE',",",'ROSARIO',",",'34156437353',",",'16/10/1998',",",'F',",","'AV. CAVALHEIRO PASCHOAL INNECCHI, 965'",",",'RIO DE JANEIRO',",",'RJ',",",'(81) 9 6088-3351',",",'CARINE.ROSARIO',",",'CARINE.ROSARIO@GMAIL.COM',",",3,),","
117,3,GABRIEL,GIRÃO,25763447042,'17/10/1998',M,"ESTRADA PARA REPRESA DE GERICINÓ, 8546",RIO DE JANEIRO,RJ,(71) 9 7623-7850,GABRIEL.GIRÃO,GABRIEL.GIRÃO@GMAIL.COM,3,,(,117,",",3,",",'GABRIEL',",",'GIRÃO',",",'25763447042',",",'17/10/1998',",",'M',",","'ESTRADA PARA REPRESA DE GERICINÓ, 8546'",",",'RIO DE JANEIRO',",",'RJ',",",'(71) 9 7623-7850',",",'GABRIEL.GIRÃO',",",'GABRIEL.GIRÃO@GMAIL.COM',",",3,),","
118,2,CONSTANÇA,FONTES,7258556494,'18/10/1998',F,"VICINAL PARA SÃO JOSE, 75",FLORIANÓPOLIS,SC,(62) 9 8781-8486,CONSTANÇA.FONTES,CONSTANÇA.FONTES@GMAIL.COM,1,,(,118,",",2,",",'CONSTANÇA',",",'FONTES',",",'7258556494',",",'18/10/1998',",",'F',",","'VICINAL PARA SÃO JOSE, 75'",",",'FLORIANÓPOLIS',",",'SC',",",'(62) 9 8781-8486',",",'CONSTANÇA.FONTES',",",'CONSTANÇA.FONTES@GMAIL.COM',",",1,),","
119,5,CORINA,SEIXAS,27181563688,'19/10/1998',F,"RUA SETE DE SETEMBRO, 970",SÃO PAULO,SP,(81) 9 6088-3352,CORINA.SEIXAS,CORINA.SEIXAS@GMAIL.COM,3,,(,119,",",5,",",'CORINA',",",'SEIXAS',",",'27181563688',",",'19/10/1998',",",'F',",","'RUA SETE DE SETEMBRO, 970'",",",'SÃO PAULO',",",'SP',",",'(81) 9 6088-3352',",",'CORINA.SEIXAS',",",'CORINA.SEIXAS@GMAIL.COM',",",3,),","
120,20,PAULO,CARVALHOSO,68834415736,'20/10/1998',M,"AVENIDA PADRE MENDONÇA, 112",SÃO PAULO,SP,(71) 9 7623-7851,PAULO.CARVALHOSO,PAULO.CARVALHOSO@GMAIL.COM,3,,(,120,",",20,",",'PAULO',",",'CARVALHOSO',",",'68834415736',",",'20/10/1998',",",'M',",","'AVENIDA PADRE MENDONÇA, 112'",",",'SÃO PAULO',",",'SP',",",'(71) 9 7623-7851',",",'PAULO.CARVALHOSO',",",'PAULO.CARVALHOSO@GMAIL.COM',",",3,),","
121,20,CRISTINA,PASSOS,23032033098,'21/10/1998',F,"RUA GENOVEVA ONOFRE BARBAN, 61",SÃO JOSÉ DO RIO PRETO,SP,(62) 9 8781-8487,CRISTINA.PASSOS,CRISTINA.PASSOS@GMAIL.COM,1,,(,121,",",20,",",'CRISTINA',",",'PASSOS',",",'23032033098',",",'21/10/1998',",",'F',",","'RUA GENOVEVA ONOFRE BARBAN, 61'",",",'SÃO JOSÉ DO RIO PRETO',",",'SP',",",'(62) 9 8781-8487',",",'CRISTINA.PASSOS',",",'CRISTINA.PASSOS@GMAIL.COM',",",1,),","
122,20,DAMIÃO,CASTELÃO,30135276411,'22/10/1998',M,"AV. CAVALHEIRO PASCHOAL INNECCHI, 966",BARREIRAS,BA,(81) 9 6088-3353,DAMIÃO.CASTELÃO,DAMIÃO.CASTELÃO@GMAIL.COM,3,,(,122,",",20,",",'DAMIÃO',",",'CASTELÃO',",",'30135276411',",",'22/10/1998',",",'M',",","'AV. CAVALHEIRO PASCHOAL INNECCHI, 966'",",",'BARREIRAS',",",'BA',",",'(81) 9 6088-3353',",",'DAMIÃO.CASTELÃO',",",'DAMIÃO.CASTELÃO@GMAIL.COM',",",3,),","
123,20,DANIEL,CARIJÓ,12103501659,'23/10/1998',M,"ESTRADA PARA REPRESA DE GERICINÓ, 8547",BRASÍLIA,DF,(71) 9 7623-7852,DANIEL.CARIJÓ,DANIEL.CARIJÓ@GMAIL.COM,2,,(,123,",",20,",",'DANIEL',",",'CARIJÓ',",",'12103501659',",",'23/10/1998',",",'M',",","'ESTRADA PARA REPRESA DE GERICINÓ, 8547'",",",'BRASÍLIA',",",'DF',",",'(71) 9 7623-7852',",",'DANIEL.CARIJÓ',",",'DANIEL.CARIJÓ@GMAIL.COM',",",2,),","
124,20,DIOGO,GUEDEZ,71807574547,'24/10/1998',M,"VICINAL PARA SÃO JOSE, 013",BRASÍLIA,DF,(62) 9 8781-8488,DIOGO.GUEDEZ,DIOGO.GUEDEZ@GMAIL.COM,3,,(,124,",",20,",",'DIOGO',",",'GUEDEZ',",",'71807574547',",",'24/10/1998',",",'M',",","'VICINAL PARA SÃO JOSE, 013'",",",'BRASÍLIA',",",'DF',",",'(62) 9 8781-8488',",",'DIOGO.GUEDEZ',",",'DIOGO.GUEDEZ@GMAIL.COM',",",3,),","
125,20,ELIA,NOVAES,51262502055,'25/10/1998',F,"RUA SETE DE SETEMBRO, 971",QUIXADÁ,CE,(81) 9 6088-3354,ELIA.NOVAES,ELIA.NOVAES@GMAIL.COM,2,,(,125,",",20,",",'ELIA',",",'NOVAES',",",'51262502055',",",'25/10/1998',",",'F',",","'RUA SETE DE SETEMBRO, 971'",",",'QUIXADÁ',",",'CE',",",'(81) 9 6088-3354',",",'ELIA.NOVAES',",",'ELIA.NOVAES@GMAIL.COM',",",2,),","
126,20,ELSA,TRISTÁN,26478023788,'26/10/1998',F,"AVENIDA PADRE MENDONÇA, 113",PRESIDENTE DUTRA,SP,(71) 9 7623-7853,ELSA.TRISTÁN,ELSA.TRISTÁN@GMAIL.COM,3,,(,126,",",20,",",'ELSA',",",'TRISTÁN',",",'26478023788',",",'26/10/1998',",",'F',",","'AVENIDA PADRE MENDONÇA, 113'",",",'PRESIDENTE DUTRA',",",'SP',",",'(71) 9 7623-7853',",",'ELSA.TRISTÁN',",",'ELSA.TRISTÁN@GMAIL.COM',",",3,),","
127,20,EMILIANA,PORTELLA,74583184735,'27/10/1998',F,"RUA GENOVEVA ONOFRE BARBAN, 62",CAMPINAS,SP,(62) 9 8781-8482,EMILIANA.PORTELLA,EMILIANA.PORTELLA@GMAIL.COM,1,,(,127,",",20,",",'EMILIANA',",",'PORTELLA',",",'74583184735',",",'27/10/1998',",",'F',",","'RUA GENOVEVA ONOFRE BARBAN, 62'",",",'CAMPINAS',",",'SP',",",'(62) 9 8781-8482',",",'EMILIANA.PORTELLA',",",'EMILIANA.PORTELLA@GMAIL.COM',",",1,),","
128,1,ESTER,BECERRA,4561220100,'28/10/1998',F,"AV. CAVALHEIRO PASCHOAL INNECCHI, 967",PRESIDENTE DUTRA,SP,(62) 9 8781-8479,ESTER.BECERRA,ESTER.BECERRA@GMAIL.COM,1,,(,128,",",1,",",'ESTER',",",'BECERRA',",",'4561220100',",",'28/10/1998',",",'F',",","'AV. CAVALHEIRO PASCHOAL INNECCHI, 967'",",",'PRESIDENTE DUTRA',",",'SP',",",'(62) 9 8781-8479',",",'ESTER.BECERRA',",",'ESTER.BECERRA@GMAIL.COM',",",1,),","
129,9,EUNICE,PINHAL,40424182793,'29/10/1998',F,"ESTRADA PARA REPRESA DE GERICINÓ, 8548",MACAPÁ,AM,(62) 9 8781-8474,EUNICE.PINHAL,EUNICE.PINHAL@GMAIL.COM,1,,(,129,",",9,",",'EUNICE',",",'PINHAL',",",'40424182793',",",'29/10/1998',",",'F',",","'ESTRADA PARA REPRESA DE GERICINÓ, 8548'",",",'MACAPÁ',",",'AM',",",'(62) 9 8781-8474',",",'EUNICE.PINHAL',",",'EUNICE.PINHAL@GMAIL.COM',",",1,),","
130,11,EURICO,PALHA,66766821841,'30/10/1998',M,"VICINAL PARA SÃO JOSE, 217",ALUMÍNIO,SP,(62) 9 8781-8471,EURICO.PALHA,EURICO.PALHA@GMAIL.COM,1,,(,130,",",11,",",'EURICO',",",'PALHA',",",'66766821841',",",'30/10/1998',",",'M',",","'VICINAL PARA SÃO JOSE, 217'",",",'ALUMÍNIO',",",'SP',",",'(62) 9 8781-8471',",",'EURICO.PALHA',",",'EURICO.PALHA@GMAIL.COM',",",1,),","
131,12,EUSÉBIO,LEMOS,74087631206,'31/10/1998',M,"RUA SETE DE SETEMBRO, 972",CUBATÃO,SP,(81) 9 6088-3351,EUSÉBIO.LEMOS,EUSÉBIO.LEMOS@GMAIL.COM,1,,(,131,",",12,",",'EUSÉBIO',",",'LEMOS',",",'74087631206',",",'31/10/1998',",",'M',",","'RUA SETE DE SETEMBRO, 972'",",",'CUBATÃO',",",'SP',",",'(81) 9 6088-3351',",",'EUSÉBIO.LEMOS',",",'EUSÉBIO.LEMOS@GMAIL.COM',",",1,),","
132,14,EZEQUIEL,VILANOVA,13745514491,'01/11/1998',M,"AVENIDA PADRE MENDONÇA, 114",OSASCO,SP,(71) 9 7623-7850,EZEQUIEL.VILANOVA,EZEQUIEL.VILANOVA@GMAIL.COM,1,,(,132,",",14,",",'EZEQUIEL',",",'VILANOVA',",",'13745514491',",",'01/11/1998',",",'M',",","'AVENIDA PADRE MENDONÇA, 114'",",",'OSASCO',",",'SP',",",'(71) 9 7623-7850',",",'EZEQUIEL.VILANOVA',",",'EZEQUIEL.VILANOVA@GMAIL.COM',",",1,),","
133,15,FABIANO,CARREIRA,17783084141,'02/11/1998',M,"RUA GENOVEVA ONOFRE BARBAN, 63",SÃO PAULO,SP,(62) 9 8781-8486,FABIANO.CARREIRA,FABIANO.CARREIRA@GMAIL.COM,3,,(,133,",",15,",",'FABIANO',",",'CARREIRA',",",'17783084141',",",'02/11/1998',",",'M',",","'RUA GENOVEVA ONOFRE BARBAN, 63'",",",'SÃO PAULO',",",'SP',",",'(62) 9 8781-8486',",",'FABIANO.CARREIRA',",",'FABIANO.CARREIRA@GMAIL.COM',",",3,),","
134,15,FLÁVIA,ALVARENGA,70238736350,'03/11/1998',F,"AV. CAVALHEIRO PASCHOAL INNECCHI, 968",SÃO PAULO,SP,(81) 9 6088-3352,FLÁVIA.ALVARENGA,FLÁVIA.ALVARENGA@GMAIL.COM,3,,(,134,",",15,",",'FLÁVIA',",",'ALVARENGA',",",'70238736350',",",'03/11/1998',",",'F',",","'AV. CAVALHEIRO PASCHOAL INNECCHI, 968'",",",'SÃO PAULO',",",'SP',",",'(81) 9 6088-3352',",",'FLÁVIA.ALVARENGA',",",'FLÁVIA.ALVARENGA@GMAIL.COM',",",3,),","
135,3,FÁBIO,BRUM,61868653471,'04/11/1998',M,"ESTRADA PARA REPRESA DE GERICINÓ, 8549",SÃO JOSÉ DO RIO PRETO,SP,(71) 9 7623-7851,FÁBIO.BRUM,FÁBIO.BRUM@GMAIL.COM,2,,(,135,",",3,",",'FÁBIO',",",'BRUM',",",'61868653471',",",'04/11/1998',",",'M',",","'ESTRADA PARA REPRESA DE GERICINÓ, 8549'",",",'SÃO JOSÉ DO RIO PRETO',",",'SP',",",'(71) 9 7623-7851',",",'FÁBIO.BRUM',",",'FÁBIO.BRUM@GMAIL.COM',",",2,),","
136,2,FÁBIO,GUIMARAES,73455345883,'05/11/1998',M,"VICINAL PARA SÃO JOSE, 34",OSASCO,SP,(62) 9 8781-8487,FÁBIO.GUIMARAES,FÁBIO.GUIMARAES@GMAIL.COM,3,,(,136,",",2,",",'FÁBIO',",",'GUIMARAES',",",'73455345883',",",'05/11/1998',",",'M',",","'VICINAL PARA SÃO JOSE, 34'",",",'OSASCO',",",'SP',",",'(62) 9 8781-8487',",",'FÁBIO.GUIMARAES',",",'FÁBIO.GUIMARAES@GMAIL.COM',",",3,),","
137,3,GERSON,CARIJÓ,87430453244,'06/11/1998',M,"RUA SETE DE SETEMBRO, 973",PORTO VELHO,RR,(81) 9 6088-3353,GERSON.CARIJÓ,GERSON.CARIJÓ@GMAIL.COM,1,,(,137,",",3,",",'GERSON',",",'CARIJÓ',",",'87430453244',",",'06/11/1998',",",'M',",","'RUA SETE DE SETEMBRO, 973'",",",'PORTO VELHO',",",'RR',",",'(81) 9 6088-3353',",",'GERSON.CARIJÓ',",",'GERSON.CARIJÓ@GMAIL.COM',",",1,),","
138,2,GERUSA,GARCEZ,87224642711,'07/11/1998',F,"AVENIDA PADRE MENDONÇA, 115",JOÃO PESSOA,PB,(71) 9 7623-7852,GERUSA.GARCEZ,GERUSA.GARCEZ@GMAIL.COM,1,,(,138,",",2,",",'GERUSA',",",'GARCEZ',",",'87224642711',",",'07/11/1998',",",'F',",","'AVENIDA PADRE MENDONÇA, 115'",",",'JOÃO PESSOA',",",'PB',",",'(71) 9 7623-7852',",",'GERUSA.GARCEZ',",",'GERUSA.GARCEZ@GMAIL.COM',",",1,),","
139,15,GLÁUCIA,SEQUERA,40781308011,'08/11/1998',F,"RUA GENOVEVA ONOFRE BARBAN, 64",BRASILIA,DF,(62) 9 8781-8488,GLÁUCIA.SEQUERA,GLÁUCIA.SEQUERA@GMAIL.COM,2,,(,139,",",15,",",'GLÁUCIA',",",'SEQUERA',",",'40781308011',",",'08/11/1998',",",'F',",","'RUA GENOVEVA ONOFRE BARBAN, 64'",",",'BRASILIA',",",'DF',",",'(62) 9 8781-8488',",",'GLÁUCIA.SEQUERA',",",'GLÁUCIA.SEQUERA@GMAIL.COM',",",2,),","
140,3,GLÓRIA,ABREU,57811862557,'09/11/1998',F,"AV. CAVALHEIRO PASCHOAL INNECCHI, 969",RIO DE JANEIRO,RJ,(81) 9 6088-3354,GLÓRIA.ABREU,GLÓRIA.ABREU@GMAIL.COM,3,,(,140,",",3,",",'GLÓRIA',",",'ABREU',",",'57811862557',",",'09/11/1998',",",'F',",","'AV. CAVALHEIRO PASCHOAL INNECCHI, 969'",",",'RIO DE JANEIRO',",",'RJ',",",'(81) 9 6088-3354',",",'GLÓRIA.ABREU',",",'GLÓRIA.ABREU@GMAIL.COM',",",3,),","
141,2,GUEDA,SOSA,83768846547,'10/11/1998',F,"ESTRADA PARA REPRESA DE GERICINÓ, 8550",RIO DE JANEIRO,RJ,(71) 9 7623-7853,GUEDA.SOSA,GUEDA.SOSA@GMAIL.COM,1,,(,141,",",2,",",'GUEDA',",",'SOSA',",",'83768846547',",",'10/11/1998',",",'F',",","'ESTRADA PARA REPRESA DE GERICINÓ, 8550'",",",'RIO DE JANEIRO',",",'RJ',",",'(71) 9 7623-7853',",",'GUEDA.SOSA',",",'GUEDA.SOSA@GMAIL.COM',",",1,),","
142,6,HEDVIGES,GUERRERO,31247486206,'11/11/1998',M,VICINAL PARA SÃO MATEUS,RIO DE JANEIRO,RJ,(62) 9 8781-8475,HEDVIGES.GUERRERO,HEDVIGES.GUERRERO@GMAIL.COM,1,,(,142,",",6,",",'HEDVIGES',",",'GUERRERO',",",'31247486206',",",'11/11/1998',",",'M',",",'VICINAL PARA SÃO MATEUS',",",'RIO DE JANEIRO',",",'RJ',",",'(62) 9 8781-8475',",",'HEDVIGES.GUERRERO',",",'HEDVIGES.GUERRERO@GMAIL.COM',",",1,),","
143,7,HENRIQUE,GUILHEIRO,76158352160,'12/11/1998',M,"RUA SETE DE SETEMBRO, 974",FLORIANÓPOLIS,SC,(62) 9 8781-8472,HENRIQUE.GUILHEIRO,HENRIQUE.GUILHEIRO@GMAIL.COM,1,,(,143,",",7,",",'HENRIQUE',",",'GUILHEIRO',",",'76158352160',",",'12/11/1998',",",'M',",","'RUA SETE DE SETEMBRO, 974'",",",'FLORIANÓPOLIS',",",'SC',",",'(62) 9 8781-8472',",",'HENRIQUE.GUILHEIRO',",",'HENRIQUE.GUILHEIRO@GMAIL.COM',",",1,),","
144,12,HENRIQUETA,BELMONTE,8215315305,'13/11/1998',F,"AVENIDA PADRE MENDONÇA, 116",SÃO PAULO,SP,(81) 9 6088-3352,HENRIQUETA.BELMONTE,HENRIQUETA.BELMONTE@GMAIL.COM,1,,(,144,",",12,",",'HENRIQUETA',",",'BELMONTE',",",'8215315305',",",'13/11/1998',",",'F',",","'AVENIDA PADRE MENDONÇA, 116'",",",'SÃO PAULO',",",'SP',",",'(81) 9 6088-3352',",",'HENRIQUETA.BELMONTE',",",'HENRIQUETA.BELMONTE@GMAIL.COM',",",1,),","
145,13,HERIBERTO,MIERA,8468111384,'14/11/1998',M,"RUA GENOVEVA ONOFRE BARBAN, 65",BELO HORIZONTE,MG,(71) 9 7623-7851,HERIBERTO.MIERA,HERIBERTO.MIERA@GMAIL.COM,3,,(,145,",",13,",",'HERIBERTO',",",'MIERA',",",'8468111384',",",'14/11/1998',",",'M',",","'RUA GENOVEVA ONOFRE BARBAN, 65'",",",'BELO HORIZONTE',",",'MG',",",'(71) 9 7623-7851',",",'HERIBERTO.MIERA',",",'HERIBERTO.MIERA@GMAIL.COM',",",3,),","
146,14,JACI,LEÃO,32731171332,'15/11/1998',F,"AV. CAVALHEIRO PASCHOAL INNECCHI, 970",SALVADOR,BA,(62) 9 8781-8487,JACI.LEÃO,JACI.LEÃO@GMAIL.COM,3,,(,146,",",14,",",'JACI',",",'LEÃO',",",'32731171332',",",'15/11/1998',",",'F',",","'AV. CAVALHEIRO PASCHOAL INNECCHI, 970'",",",'SALVADOR',",",'BA',",",'(62) 9 8781-8487',",",'JACI.LEÃO',",",'JACI.LEÃO@GMAIL.COM',",",3,),","
147,15,JAMARI,BOTELHO,48713082434,'16/11/1998',F,"ESTRADA PARA REPRESA DE GERICINÓ, 8551",CANDEIAS,PE,(81) 9 6088-3353,JAMARI.BOTELHO,JAMARI.BOTELHO@GMAIL.COM,1,,(,147,",",15,",",'JAMARI',",",'BOTELHO',",",'48713082434',",",'16/11/1998',",",'F',",","'ESTRADA PARA REPRESA DE GERICINÓ, 8551'",",",'CANDEIAS',",",'PE',",",'(81) 9 6088-3353',",",'JAMARI.BOTELHO',",",'JAMARI.BOTELHO@GMAIL.COM',",",1,),","
148,16,JANDAÍRA,SARMENTO,15485126723,'17/11/1998',F,VICINAL PARA PADROEIRA,LAURO DE FREITAS,BA,(71) 9 7623-7852,JANDAÍRA.SARMENTO,JANDAÍRA.SARMENTO@GMAIL.COM,1,,(,148,",",16,",",'JANDAÍRA',",",'SARMENTO',",",'15485126723',",",'17/11/1998',",",'F',",",'VICINAL PARA PADROEIRA',",",'LAURO DE FREITAS',",",'BA',",",'(71) 9 7623-7852',",",'JANDAÍRA.SARMENTO',",",'JANDAÍRA.SARMENTO@GMAIL.COM',",",1,),","
149,1,JULIANO,CAMARGO,6011075517,'18/11/1998',M,"RUA SETE DE SETEMBRO, 975",BELÉM,PA,(62) 9 8781-8488,JULIANO.CAMARGO,JULIANO.CAMARGO@GMAIL.COM,2,,(,149,",",1,",",'JULIANO',",",'CAMARGO',",",'6011075517',",",'18/11/1998',",",'M',",","'RUA SETE DE SETEMBRO, 975'",",",'BELÉM',",",'PA',",",'(62) 9 8781-8488',",",'JULIANO.CAMARGO',",",'JULIANO.CAMARGO@GMAIL.COM',",",2,),","
150,6,JUTAÍ,CABEZA,56638302353,'19/11/1998',M,"AVENIDA PADRE MENDONÇA, 117",PARAGOMINAS,PA,(81) 9 6088-3354,JUTAÍ.CABEZA,JUTAÍ.CABEZA@GMAIL.COM,1,,(,150,",",6,",",'JUTAÍ',",",'CABEZA',",",'56638302353',",",'19/11/1998',",",'M',",","'AVENIDA PADRE MENDONÇA, 117'",",",'PARAGOMINAS',",",'PA',",",'(81) 9 6088-3354',",",'JUTAÍ.CABEZA',",",'JUTAÍ.CABEZA@GMAIL.COM',",",1,),","
151,5,JUTAÍ,GUEDELLA,3205004622,'20/11/1998',M,"RUA GENOVEVA ONOFRE BARBAN, 66",PETROLINA,PE,(71) 9 7623-7853,JUTAÍ.GUEDELLA,JUTAÍ.GUEDELLA@GMAIL.COM,1,,(,151,",",5,",",'JUTAÍ',",",'GUEDELLA',",",'3205004622',",",'20/11/1998',",",'M',",","'RUA GENOVEVA ONOFRE BARBAN, 66'",",",'PETROLINA',",",'PE',",",'(71) 9 7623-7853',",",'JUTAÍ.GUEDELLA',",",'JUTAÍ.GUEDELLA@GMAIL.COM',",",1,),","
152,1,LEONARDO,LANCASTRE,11087357705,'21/11/1998',M,"RUA PALMEIRAS, 56",RIO DE JANEIRO,RJ,(62) 9 8781-8489,LEONARDO.LANCASTRE,LEONARDO.LANCASTRE@GMAIL.COM,2,,(,152,",",1,",",'LEONARDO',",",'LANCASTRE',",",'11087357705',",",'21/11/1998',",",'M',",","'RUA PALMEIRAS, 56'",",",'RIO DE JANEIRO',",",'RJ',",",'(62) 9 8781-8489',",",'LEONARDO.LANCASTRE',",",'LEONARDO.LANCASTRE@GMAIL.COM',",",2,),","
153,3,LUA,ARRUDA,5188118750,'22/11/1998',F,"RUA CAPITÃO AMÉRICO FRANCISCO DA VEIGA, 517",RIO DE JANEIRO,RJ,(81) 9 6088-3355,LUA.ARRUDA,LUA.ARRUDA@GMAIL.COM,3,,(,153,",",3,",",'LUA',",",'ARRUDA',",",'5188118750',",",'22/11/1998',",",'F',",","'RUA CAPITÃO AMÉRICO FRANCISCO DA VEIGA, 517'",",",'RIO DE JANEIRO',",",'RJ',",",'(81) 9 6088-3355',",",'LUA.ARRUDA',",",'LUA.ARRUDA@GMAIL.COM',",",3,),","
154,3,LUANA,JUNQUEIRA,26608271093,'23/11/1998',F,"RUA PALMEIRAS, 57",RIO DE JANEIRO,RJ,(71) 9 7623-7854,LUANA.JUNQUEIRA,LUANA.JUNQUEIRA@GMAIL.COM,3,,(,154,",",3,",",'LUANA',",",'JUNQUEIRA',",",'26608271093',",",'23/11/1998',",",'F',",","'RUA PALMEIRAS, 57'",",",'RIO DE JANEIRO',",",'RJ',",",'(71) 9 7623-7854',",",'LUANA.JUNQUEIRA',",",'LUANA.JUNQUEIRA@GMAIL.COM',",",3,),","
155,4,LUANA,REBOUÇAS,84120378209,'24/11/1998',F,"RUA CAPITÃO AMÉRICO FRANCISCO DA VEIGA, 518",FLORIANÓPOLIS,SC,(62) 9 8781-8476,LUANA.REBOUÇAS,LUANA.REBOUÇAS@GMAIL.COM,3,,(,155,",",4,",",'LUANA',",",'REBOUÇAS',",",'84120378209',",",'24/11/1998',",",'F',",","'RUA CAPITÃO AMÉRICO FRANCISCO DA VEIGA, 518'",",",'FLORIANÓPOLIS',",",'SC',",",'(62) 9 8781-8476',",",'LUANA.REBOUÇAS',",",'LUANA.REBOUÇAS@GMAIL.COM',",",3,),","
156,5,LUCINDA,DOMINGUES,64781041256,'25/11/1998',F,"RUA PALMEIRAS, 58",SÃO PAULO,SP,(62) 9 8781-8473,LUCINDA.DOMINGUES,LUCINDA.DOMINGUES@GMAIL.COM,1,,(,156,",",5,",",'LUCINDA',",",'DOMINGUES',",",'64781041256',",",'25/11/1998',",",'F',",","'RUA PALMEIRAS, 58'",",",'SÃO PAULO',",",'SP',",",'(62) 9 8781-8473',",",'LUCINDA.DOMINGUES',",",'LUCINDA.DOMINGUES@GMAIL.COM',",",1,),","
157,6,MANUEL,GIMÉNEZ,38571478490,'26/11/1998',M,"RUA CAPITÃO AMÉRICO FRANCISCO DA VEIGA, 519",BELO HORIZONTE,MG,(62) 9 8781-8468,MANUEL.GIMÉNEZ,MANUEL.GIMÉNEZ@GMAIL.COM,1,,(,157,",",6,",",'MANUEL',",",'GIMÉNEZ',",",'38571478490',",",'26/11/1998',",",'M',",","'RUA CAPITÃO AMÉRICO FRANCISCO DA VEIGA, 519'",",",'BELO HORIZONTE',",",'MG',",",'(62) 9 8781-8468',",",'MANUEL.GIMÉNEZ',",",'MANUEL.GIMÉNEZ@GMAIL.COM',",",1,),","
158,7,MARCO,LOUREIRO,70230566707,'27/11/1998',M,"RUA PALMEIRAS, 59",SALVADOR,BA,(62) 9 8781-8465,MARCO.LOUREIRO,MARCO.LOUREIRO@GMAIL.COM,1,,(,158,",",7,",",'MARCO',",",'LOUREIRO',",",'70230566707',",",'27/11/1998',",",'M',",","'RUA PALMEIRAS, 59'",",",'SALVADOR',",",'BA',",",'(62) 9 8781-8465',",",'MARCO.LOUREIRO',",",'MARCO.LOUREIRO@GMAIL.COM',",",1,),","
159,12,MARTIM,DORNELLES,63318116130,'28/11/1998',M,"RUA CAPITÃO AMÉRICO FRANCISCO DA VEIGA, 520",CANDEIAS,PE,(81) 9 6088-3352,MARTIM.DORNELLES,MARTIM.DORNELLES@GMAIL.COM,1,,(,159,",",12,",",'MARTIM',",",'DORNELLES',",",'63318116130',",",'28/11/1998',",",'M',",","'RUA CAPITÃO AMÉRICO FRANCISCO DA VEIGA, 520'",",",'CANDEIAS',",",'PE',",",'(81) 9 6088-3352',",",'MARTIM.DORNELLES',",",'MARTIM.DORNELLES@GMAIL.COM',",",1,),","
160,20,MAURO,PARRACHO,34568411750,'29/11/1998',M,"RUA GENOVEVA ONOFRE BARBAN, 60",LAURO DE FREITAS,BA,(71) 9 7623-7851,MAURO.PARRACHO,MAURO.PARRACHO@GMAIL.COM,1,,(,160,",",20,",",'MAURO',",",'PARRACHO',",",'34568411750',",",'29/11/1998',",",'M',",","'RUA GENOVEVA ONOFRE BARBAN, 60'",",",'LAURO DE FREITAS',",",'BA',",",'(71) 9 7623-7851',",",'MAURO.PARRACHO',",",'MAURO.PARRACHO@GMAIL.COM',",",1,),","
161,20,MEM,AMARO,84331258696,'30/11/1998',M,"AV. CAVALHEIRO PASCHOAL INNECCHI, 965",BELÉM,PA,(62) 9 8781-8487,MEM.AMARO,MEM.AMARO@GMAIL.COM,1,,(,161,",",20,",",'MEM',",",'AMARO',",",'84331258696',",",'30/11/1998',",",'M',",","'AV. CAVALHEIRO PASCHOAL INNECCHI, 965'",",",'BELÉM',",",'PA',",",'(62) 9 8781-8487',",",'MEM.AMARO',",",'MEM.AMARO@GMAIL.COM',",",1,),","
162,20,MIGUEL,MONJARDIM,36451671371,'01/12/1998',M,"ESTRADA PARA REPRESA DE GERICINÓ, 8546",PARAGOMINAS,PA,(81) 9 6088-3353,MIGUEL.MONJARDIM,MIGUEL.MONJARDIM@GMAIL.COM,3,,(,162,",",20,",",'MIGUEL',",",'MONJARDIM',",",'36451671371',",",'01/12/1998',",",'M',",","'ESTRADA PARA REPRESA DE GERICINÓ, 8546'",",",'PARAGOMINAS',",",'PA',",",'(81) 9 6088-3353',",",'MIGUEL.MONJARDIM',",",'MIGUEL.MONJARDIM@GMAIL.COM',",",3,),","
163,1,MIGUEL,SERPA,57271550534,'02/12/1998',M,"VICINAL PARA SÃO JOSE, 124",PETROLINA,PE,(71) 9 7623-7852,MIGUEL.SERPA,MIGUEL.SERPA@GMAIL.COM,3,,(,163,",",1,",",'MIGUEL',",",'SERPA',",",'57271550534',",",'02/12/1998',",",'M',",","'VICINAL PARA SÃO JOSE, 124'",",",'PETROLINA',",",'PE',",",'(71) 9 7623-7852',",",'MIGUEL.SERPA',",",'MIGUEL.SERPA@GMAIL.COM',",",3,),","
164,9,MIRIAM,AFONSO,72871255440,'03/12/1998',M,"RUA SETE DE SETEMBRO, 970",SOBRAL,CE,(62) 9 8781-8488,MIRIAM.AFONSO,MIRIAM.AFONSO@GMAIL.COM,2,,(,164,",",9,",",'MIRIAM',",",'AFONSO',",",'72871255440',",",'03/12/1998',",",'M',",","'RUA SETE DE SETEMBRO, 970'",",",'SOBRAL',",",'CE',",",'(62) 9 8781-8488',",",'MIRIAM.AFONSO',",",'MIRIAM.AFONSO@GMAIL.COM',",",2,),","
165,11,MIRU,VIGÁRIO,30605647283,'04/12/1998',M,"AVENIDA PADRE MENDONÇA, 112",BRASÍLIA,DF,(81) 9 6088-3354,MIRU.VIGÁRIO,MIRU.VIGÁRIO@GMAIL.COM,3,,(,165,",",11,",",'MIRU',",",'VIGÁRIO',",",'30605647283',",",'04/12/1998',",",'M',",","'AVENIDA PADRE MENDONÇA, 112'",",",'BRASÍLIA',",",'DF',",",'(81) 9 6088-3354',",",'MIRU.VIGÁRIO',",",'MIRU.VIGÁRIO@GMAIL.COM',",",3,),","
166,12,MÁRCIA,CACHOEIRA,35707216634,'05/12/1998',F,"RUA GENOVEVA ONOFRE BARBAN, 61",BRASÍLIA,DF,(71) 9 7623-7853,MÁRCIA.CACHOEIRA,MÁRCIA.CACHOEIRA@GMAIL.COM,1,,(,166,",",12,",",'MÁRCIA',",",'CACHOEIRA',",",'35707216634',",",'05/12/1998',",",'F',",","'RUA GENOVEVA ONOFRE BARBAN, 61'",",",'BRASÍLIA',",",'DF',",",'(71) 9 7623-7853',",",'MÁRCIA.CACHOEIRA',",",'MÁRCIA.CACHOEIRA@GMAIL.COM',",",1,),","
167,14,MÁRCIO,FAUSTINO,50750513403,'06/12/1998',M,"AV. CAVALHEIRO PASCHOAL INNECCHI, 966",QUIXADÁ,CE,(62) 9 8781-8489,MÁRCIO.FAUSTINO,MÁRCIO.FAUSTINO@GMAIL.COM,1,,(,167,",",14,",",'MÁRCIO',",",'FAUSTINO',",",'50750513403',",",'06/12/1998',",",'M',",","'AV. CAVALHEIRO PASCHOAL INNECCHI, 966'",",",'QUIXADÁ',",",'CE',",",'(62) 9 8781-8489',",",'MÁRCIO.FAUSTINO',",",'MÁRCIO.FAUSTINO@GMAIL.COM',",",1,),","
168,15,NATACHA,RORIZ,42118660014,'07/12/1998',F,"ESTRADA PARA REPRESA DE GERICINÓ, 8547",PRESIDENTE DUTRA,SP,(81) 9 6088-3355,NATACHA.RORIZ,NATACHA.RORIZ@GMAIL.COM,2,,(,168,",",15,",",'NATACHA',",",'RORIZ',",",'42118660014',",",'07/12/1998',",",'F',",","'ESTRADA PARA REPRESA DE GERICINÓ, 8547'",",",'PRESIDENTE DUTRA',",",'SP',",",'(81) 9 6088-3355',",",'NATACHA.RORIZ',",",'NATACHA.RORIZ@GMAIL.COM',",",2,),","
169,15,NICOLAU,GUZMÁN,43304278850,'08/12/1998',M,"VICINAL PARA SÃO JOSE, 76",CAMPINAS,SP,(71) 9 7623-7854,NICOLAU.GUZMÁN,NICOLAU.GUZMÁN@GMAIL.COM,3,,(,169,",",15,",",'NICOLAU',",",'GUZMÁN',",",'43304278850',",",'08/12/1998',",",'M',",","'VICINAL PARA SÃO JOSE, 76'",",",'CAMPINAS',",",'SP',",",'(71) 9 7623-7854',",",'NICOLAU.GUZMÁN',",",'NICOLAU.GUZMÁN@GMAIL.COM',",",3,),","
170,3,NILZA,CORREIA,44636316290,'09/12/1998',F,"RUA SETE DE SETEMBRO, 971",PRESIDENTE DUTRA,SP,(62) 9 8781-8469,NILZA.CORREIA,NILZA.CORREIA@GMAIL.COM,1,,(,170,",",3,",",'NILZA',",",'CORREIA',",",'44636316290',",",'09/12/1998',",",'F',",","'RUA SETE DE SETEMBRO, 971'",",",'PRESIDENTE DUTRA',",",'SP',",",'(62) 9 8781-8469',",",'NILZA.CORREIA',",",'NILZA.CORREIA@GMAIL.COM',",",1,),","
171,2,OLGA,VIDAL,17038243004,'10/12/1998',F,"AVENIDA PADRE MENDONÇA, 113",MACAPÁ,AM,(62) 9 8781-8466,OLGA.VIDAL,OLGA.VIDAL@GMAIL.COM,1,,(,171,",",2,",",'OLGA',",",'VIDAL',",",'17038243004',",",'10/12/1998',",",'F',",","'AVENIDA PADRE MENDONÇA, 113'",",",'MACAPÁ',",",'AM',",",'(62) 9 8781-8466',",",'OLGA.VIDAL',",",'OLGA.VIDAL@GMAIL.COM',",",1,),","
172,3,ORIANA,BRAZ,45351656027,'11/12/1998',F,"av. Beltrano, numero 32, apt. 13, Centro",ALUMÍNIO,SP,(81) 9 6088-3353,ORIANA.BRAZ,ORIANA.BRAZ@GMAIL.COM,1,,(,172,",",3,",",'ORIANA',",",'BRAZ',",",'45351656027',",",'11/12/1998',",",'F',",","'av. Beltrano, numero 32, apt. 13, Centro'",",",'ALUMÍNIO',",",'SP',",",'(81) 9 6088-3353',",",'ORIANA.BRAZ',",",'ORIANA.BRAZ@GMAIL.COM',",",1,),","
173,2,PALMIRO,GALVÃO,37875332060,'12/12/1998',M,"rua das Flores, quadra B, numero 2, Liberdade",CUBATÃO,SP,(71) 9 7623-7852,PALMIRO.GALVÃO,PALMIRO.GALVÃO@GMAIL.COM,3,,(,173,",",2,",",'PALMIRO',",",'GALVÃO',",",'37875332060',",",'12/12/1998',",",'M',",","'rua das Flores, quadra B, numero 2, Liberdade'",",",'CUBATÃO',",",'SP',",",'(71) 9 7623-7852',",",'PALMIRO.GALVÃO',",",'PALMIRO.GALVÃO@GMAIL.COM',",",3,),","
174,5,PAULINA,MANSILHA,43384524128,'13/12/1998',F,"rua Projetada, numero 2, Lagos",OSASCO,SP,(62) 9 8781-8488,PAULINA.MANSILHA,PAULINA.MANSILHA@GMAIL.COM,1,,(,174,",",5,",",'PAULINA',",",'MANSILHA',",",'43384524128',",",'13/12/1998',",",'F',",","'rua Projetada, numero 2, Lagos'",",",'OSASCO',",",'SP',",",'(62) 9 8781-8488',",",'PAULINA.MANSILHA',",",'PAULINA.MANSILHA@GMAIL.COM',",",1,),","
175,6,PLÍNIO,ARRUDA,5342786711,'14/12/1998',M,"av. Embaixador Luiz, numero 3, Centro",SÃO PAULO,SP,(81) 9 6088-3354,PLÍNIO.ARRUDA,PLÍNIO.ARRUDA@GMAIL.COM,3,,(,175,",",6,",",'PLÍNIO',",",'ARRUDA',",",'5342786711',",",'14/12/1998',",",'M',",","'av. Embaixador Luiz, numero 3, Centro'",",",'SÃO PAULO',",",'SP',",",'(81) 9 6088-3354',",",'PLÍNIO.ARRUDA',",",'PLÍNIO.ARRUDA@GMAIL.COM',",",3,),","
176,6,RODOLFO,MONTENEGRO,40206137370,'15/12/1998',M,"av. Beira mar, numero 33, Lagoa Amarela",SÃO PAULO,SP,(71) 9 7623-7853,RODOLFO.MONTENEGRO,RODOLFO.MONTENEGRO@GMAIL.COM,3,,(,176,",",6,",",'RODOLFO',",",'MONTENEGRO',",",'40206137370',",",'15/12/1998',",",'M',",","'av. Beira mar, numero 33, Lagoa Amarela'",",",'SÃO PAULO',",",'SP',",",'(71) 9 7623-7853',",",'RODOLFO.MONTENEGRO',",",'RODOLFO.MONTENEGRO@GMAIL.COM',",",3,),","
177,7,ROQUITA,SUÁREZ,7640431379,'16/12/1998',F,"av. Rocha, numero 5, Rio Vermelho",SÃO JOSÉ DO RIO PRETO,SP,(62) 9 8781-8489,ROQUITA.SUÁREZ,ROQUITA.SUÁREZ@GMAIL.COM,1,,(,177,",",7,",",'ROQUITA',",",'SUÁREZ',",",'7640431379',",",'16/12/1998',",",'F',",","'av. Rocha, numero 5, Rio Vermelho'",",",'SÃO JOSÉ DO RIO PRETO',",",'SP',",",'(62) 9 8781-8489',",",'ROQUITA.SUÁREZ',",",'ROQUITA.SUÁREZ@GMAIL.COM',",",1,),","
178,6,ROSELI,PEIXOTO,15233743655,'17/12/1998',F,"rua das Flores, quadra C, numero 12, Liberdade",BARREIRAS,BA,(81) 9 6088-3355,ROSELI.PEIXOTO,ROSELI.PEIXOTO@GMAIL.COM,2,,(,178,",",6,",",'ROSELI',",",'PEIXOTO',",",'15233743655',",",'17/12/1998',",",'F',",","'rua das Flores, quadra C, numero 12, Liberdade'",",",'BARREIRAS',",",'BA',",",'(81) 9 6088-3355',",",'ROSELI.PEIXOTO',",",'ROSELI.PEIXOTO@GMAIL.COM',",",2,),","
179,5,RUBIM,VILLAS,82701504449,'18/12/1998',M,"av. Embaixador Luiz, numero 13, Centro",BRASÍLIA,DF,(71) 9 7623-7854,RUBIM.VILLAS,RUBIM.VILLAS@GMAIL.COM,3,,(,179,",",5,",",'RUBIM',",",'VILLAS',",",'82701504449',",",'18/12/1998',",",'M',",","'av. Embaixador Luiz, numero 13, Centro'",",",'BRASÍLIA',",",'DF',",",'(71) 9 7623-7854',",",'RUBIM.VILLAS',",",'RUBIM.VILLAS@GMAIL.COM',",",3,),","
180,1,RUDÁ,BALDAIA,61821455444,'19/12/1998',F,"av. beira mar, numero 25, Lagoa Amarela",BRASÍLIA,DF,(62) 9 8781-8490,RUDÁ.BALDAIA,RUDÁ.BALDAIA@GMAIL.COM,3,,(,180,",",1,",",'RUDÁ',",",'BALDAIA',",",'61821455444',",",'19/12/1998',",",'F',",","'av. beira mar, numero 25, Lagoa Amarela'",",",'BRASÍLIA',",",'DF',",",'(62) 9 8781-8490',",",'RUDÁ.BALDAIA',",",'RUDÁ.BALDAIA@GMAIL.COM',",",3,),","
181,3,SABINA,SEQUEIRA,67376731717,'20/12/1998',F,"av. Rocha, numero 12, Rio Vermelho",QUIXADÁ,CE,(81) 9 6088-3356,SABINA.SEQUEIRA,SABINA.SEQUEIRA@GMAIL.COM,2,,(,181,",",3,",",'SABINA',",",'SEQUEIRA',",",'67376731717',",",'20/12/1998',",",'F',",","'av. Rocha, numero 12, Rio Vermelho'",",",'QUIXADÁ',",",'CE',",",'(81) 9 6088-3356',",",'SABINA.SEQUEIRA',",",'SABINA.SEQUEIRA@GMAIL.COM',",",2,),","
182,3,SALVINA,CESÁRIO,85172052860,'21/12/1998',F,"av. Olimpica, numero 10, apt. 102, Centro",PRESIDENTE DUTRA,SP,(71) 9 7623-7855,SALVINA.CESÁRIO,SALVINA.CESÁRIO@GMAIL.COM,3,,(,182,",",3,",",'SALVINA',",",'CESÁRIO',",",'85172052860',",",'21/12/1998',",",'F',",","'av. Olimpica, numero 10, apt. 102, Centro'",",",'PRESIDENTE DUTRA',",",'SP',",",'(71) 9 7623-7855',",",'SALVINA.CESÁRIO',",",'SALVINA.CESÁRIO@GMAIL.COM',",",3,),","
183,4,SAMUEL,GRAÇA,33813384802,'22/12/1998',M,"rua 4, quadra B, numero 3, Montes Altos",CAMPINAS,SP,(62) 9 8781-8470,SAMUEL.GRAÇA,SAMUEL.GRAÇA@GMAIL.COM,3,,(,183,",",4,",",'SAMUEL',",",'GRAÇA',",",'33813384802',",",'22/12/1998',",",'M',",","'rua 4, quadra B, numero 3, Montes Altos'",",",'CAMPINAS',",",'SP',",",'(62) 9 8781-8470',",",'SAMUEL.GRAÇA',",",'SAMUEL.GRAÇA@GMAIL.COM',",",3,),","
184,5,SAMUEL,PIMIENTA,28554411293,'23/12/1998',M,"av. Rocha, numero 2, Rio Vermelho",PRESIDENTE DUTRA,SP,(62) 9 8781-8467,SAMUEL.PIMIENTA,SAMUEL.PIMIENTA@GMAIL.COM,1,,(,184,",",5,",",'SAMUEL',",",'PIMIENTA',",",'28554411293',",",'23/12/1998',",",'M',",","'av. Rocha, numero 2, Rio Vermelho'",",",'PRESIDENTE DUTRA',",",'SP',",",'(62) 9 8781-8467',",",'SAMUEL.PIMIENTA',",",'SAMUEL.PIMIENTA@GMAIL.COM',",",1,),","
185,6,SANDRA,VIERA,56876614174,'24/12/1998',F,"av. das Orquídeas, numero 4, Liberdade",MACAPÁ,AM,(62) 9 8781-8462,SANDRA.VIERA,SANDRA.VIERA@GMAIL.COM,2,,(,185,",",6,",",'SANDRA',",",'VIERA',",",'56876614174',",",'24/12/1998',",",'F',",","'av. das Orquídeas, numero 4, Liberdade'",",",'MACAPÁ',",",'AM',",",'(62) 9 8781-8462',",",'SANDRA.VIERA',",",'SANDRA.VIERA@GMAIL.COM',",",2,),","
186,7,SEVERINO,FRÓIS,18578586204,'25/12/1998',M,"rua das Flores, quadra C, numero 14, Liberdade",ALUMÍNIO,SP,(62) 9 8781-8459,SEVERINO.FRÓIS,SEVERINO.FRÓIS@GMAIL.COM,3,,(,186,",",7,",",'SEVERINO',",",'FRÓIS',",",'18578586204',",",'25/12/1998',",",'M',",","'rua das Flores, quadra C, numero 14, Liberdade'",",",'ALUMÍNIO',",",'SP',",",'(62) 9 8781-8459',",",'SEVERINO.FRÓIS',",",'SEVERINO.FRÓIS@GMAIL.COM',",",3,),","
187,12,SEVERINO,TEODORO,81114146765,'26/12/1998',M,"av. Rocha, numero 2, Rio Vermelho",CUBATÃO,SP,(81) 9 6088-3353,SEVERINO.TEODORO,SEVERINO.TEODORO@GMAIL.COM,3,,(,187,",",12,",",'SEVERINO',",",'TEODORO',",",'81114146765',",",'26/12/1998',",",'M',",","'av. Rocha, numero 2, Rio Vermelho'",",",'CUBATÃO',",",'SP',",",'(81) 9 6088-3353',",",'SEVERINO.TEODORO',",",'SEVERINO.TEODORO@GMAIL.COM',",",3,),","
188,13,SILVANO,PIÑERO,28727112101,'27/12/1998',M,"av. das Orquídeas, numero 4, Liberdade",OSASCO,SP,(71) 9 7623-7852,SILVANO.PIÑERO,SILVANO.PIÑERO@GMAIL.COM,3,,(,188,",",13,",",'SILVANO',",",'PIÑERO',",",'28727112101',",",'27/12/1998',",",'M',",","'av. das Orquídeas, numero 4, Liberdade'",",",'OSASCO',",",'SP',",",'(71) 9 7623-7852',",",'SILVANO.PIÑERO',",",'SILVANO.PIÑERO@GMAIL.COM',",",3,),","
189,14,TABALIPA,INFANTE,16702585217,'28/12/1998',F,"rua das Flores, quadra C, numero 14, Liberdade",SÃO PAULO,SP,(62) 9 8781-8488,TABALIPA.INFANTE,TABALIPA.INFANTE@GMAIL.COM,1,,(,189,",",14,",",'TABALIPA',",",'INFANTE',",",'16702585217',",",'28/12/1998',",",'F',",","'rua das Flores, quadra C, numero 14, Liberdade'",",",'SÃO PAULO',",",'SP',",",'(62) 9 8781-8488',",",'TABALIPA.INFANTE',",",'TABALIPA.INFANTE@GMAIL.COM',",",1,),","
190,15,TIBÚRCIO,GUARANÁ,2081628791,'29/12/1998',M,"av. Beltrano, numero 32, apt. 13, Centro",SÃO PAULO,SP,(81) 9 6088-3354,TIBÚRCIO.GUARANÁ,TIBÚRCIO.GUARANÁ@GMAIL.COM,3,,(,190,",",15,",",'TIBÚRCIO',",",'GUARANÁ',",",'2081628791',",",'29/12/1998',",",'M',",","'av. Beltrano, numero 32, apt. 13, Centro'",",",'SÃO PAULO',",",'SP',",",'(81) 9 6088-3354',",",'TIBÚRCIO.GUARANÁ',",",'TIBÚRCIO.GUARANÁ@GMAIL.COM',",",3,),","
191,16,TIMÓTEO,FREIRE,1800176830,'30/12/1998',M,"rua das Flores, quadra B, numero 2, Liberdade",SÃO JOSÉ DO RIO PRETO,SP,(71) 9 7623-7853,TIMÓTEO.FREIRE,TIMÓTEO.FREIRE@GMAIL.COM,3,,(,191,",",16,",",'TIMÓTEO',",",'FREIRE',",",'1800176830',",",'30/12/1998',",",'M',",","'rua das Flores, quadra B, numero 2, Liberdade'",",",'SÃO JOSÉ DO RIO PRETO',",",'SP',",",'(71) 9 7623-7853',",",'TIMÓTEO.FREIRE',",",'TIMÓTEO.FREIRE@GMAIL.COM',",",3,),","
192,1,THIAGO,BEZERRIL,46173257009,'31/12/1998',M,"rua Projetada, numero 2, Lagos",ALUMÍNIO,SP,(62) 9 8781-8489,THIAGO.BEZERRIL,THIAGO.BEZERRIL@GMAIL.COM,1,,(,192,",",1,",",'THIAGO',",",'BEZERRIL',",",'46173257009',",",'31/12/1998',",",'M',",","'rua Projetada, numero 2, Lagos'",",",'ALUMÍNIO',",",'SP',",",'(62) 9 8781-8489',",",'THIAGO.BEZERRIL',",",'THIAGO.BEZERRIL@GMAIL.COM',",",1,),","
193,9,UBALDO,CAVADAS,34665571600,'01/01/1999',M,"av. Embaixador Luiz, numero 3, Centro",CUBATÃO,SP,(81) 9 6088-3355,UBALDO.CAVADAS,UBALDO.CAVADAS@GMAIL.COM,3,,(,193,",",9,",",'UBALDO',",",'CAVADAS',",",'34665571600',",",'01/01/1999',",",'M',",","'av. Embaixador Luiz, numero 3, Centro'",",",'CUBATÃO',",",'SP',",",'(81) 9 6088-3355',",",'UBALDO.CAVADAS',",",'UBALDO.CAVADAS@GMAIL.COM',",",3,),","
194,11,VALÉRIA,BETHANCOUT,21852837403,'02/01/1999',F,"av. Beira mar, numero 33, Lagoa Amarela",OSASCO,SP,(71) 9 7623-7854,VALÉRIA.BETHANCOUT,VALÉRIA.BETHANCOUT@GMAIL.COM,2,,(,194,",",11,",",'VALÉRIA',",",'BETHANCOUT',",",'21852837403',",",'02/01/1999',",",'F',",","'av. Beira mar, numero 33, Lagoa Amarela'",",",'OSASCO',",",'SP',",",'(71) 9 7623-7854',",",'VALÉRIA.BETHANCOUT',",",'VALÉRIA.BETHANCOUT@GMAIL.COM',",",2,),","
195,12,VERA,NEGREIROS,57317573132,'03/01/1999',F,"av. Rocha, numero 5, Rio Vermelho",SÃO PAULO,SP,(62) 9 8781-8490,VERA.NEGREIROS,VERA.NEGREIROS@GMAIL.COM,3,,(,195,",",12,",",'VERA',",",'NEGREIROS',",",'57317573132',",",'03/01/1999',",",'F',",","'av. Rocha, numero 5, Rio Vermelho'",",",'SÃO PAULO',",",'SP',",",'(62) 9 8781-8490',",",'VERA.NEGREIROS',",",'VERA.NEGREIROS@GMAIL.COM',",",3,),","
196,14,VERIDIANA,MORGADO,60875845010,'04/01/1999',F,"rua das Flores, quadra C, numero 12, Liberdade",SÃO PAULO,SP,(81) 9 6088-3356,VERIDIANA.MORGADO,VERIDIANA.MORGADO@GMAIL.COM,2,,(,196,",",14,",",'VERIDIANA',",",'MORGADO',",",'60875845010',",",'04/01/1999',",",'F',",","'rua das Flores, quadra C, numero 12, Liberdade'",",",'SÃO PAULO',",",'SP',",",'(81) 9 6088-3356',",",'VERIDIANA.MORGADO',",",'VERIDIANA.MORGADO@GMAIL.COM',",",2,),","
197,15,VERÍSSIMO,CANIÇA,21670027694,'05/01/1999',M,"av. Embaixador Luiz, numero 13, Centro",SÃO JOSÉ DO RIO PRETO,SP,(71) 9 7623-7855,VERÍSSIMO.CANIÇA,VERÍSSIMO.CANIÇA@GMAIL.COM,3,,(,197,",",15,",",'VERÍSSIMO',",",'CANIÇA',",",'21670027694',",",'05/01/1999',",",'M',",","'av. Embaixador Luiz, numero 13, Centro'",",",'SÃO JOSÉ DO RIO PRETO',",",'SP',",",'(71) 9 7623-7855',",",'VERÍSSIMO.CANIÇA',",",'VERÍSSIMO.CANIÇA@GMAIL.COM',",",3,),","
198,15,VITÓRIA,PENTEADO,8580501458,'06/01/1999',F,"av. beira mar, numero 25, Lagoa Amarela",OSASCO,SP,(62) 9 8781-8463,VITÓRIA.PENTEADO,VITÓRIA.PENTEADO@GMAIL.COM,1,,(,198,",",15,",",'VITÓRIA',",",'PENTEADO',",",'8580501458',",",'06/01/1999',",",'F',",","'av. beira mar, numero 25, Lagoa Amarela'",",",'OSASCO',",",'SP',",",'(62) 9 8781-8463',",",'VITÓRIA.PENTEADO',",",'VITÓRIA.PENTEADO@GMAIL.COM',",",1,),","
199,5,XICO,BEIRIZ,11158386605,'07/01/1999',M,"av. Rocha, numero 12, Rio Vermelho",PORTO VELHO,RR,(62) 9 8781-8460,XICO.BEIRIZ,XICO.BEIRIZ@GMAIL.COM,1,,(,199,",",5,",",'XICO',",",'BEIRIZ',",",'11158386605',",",'07/01/1999',",",'M',",","'av. Rocha, numero 12, Rio Vermelho'",",",'PORTO VELHO',",",'RR',",",'(62) 9 8781-8460',",",'XICO.BEIRIZ',",",'XICO.BEIRIZ@GMAIL.COM',",",1,),","
200,6,ZUBAIDA,FIESTAS,26365000065,'08/01/1999',F,"av. Olimpica, numero 10, apt. 102, Centro",SÃO PAULO,SP,(81) 9 6088-3354,ZUBAIDA.FIESTAS,ZUBAIDA.FIESTAS@GMAIL.COM,2,,(,200,",",6,",",'ZUBAIDA',",",'FIESTAS',",",'26365000065',",",'08/01/1999',",",'F',",","'av. Olimpica, numero 10, apt. 102, Centro'",",",'SÃO PAULO',",",'SP',",",'(81) 9 6088-3354',",",'ZUBAIDA.FIESTAS',",",'ZUBAIDA.FIESTAS@GMAIL.COM',",",2,),","